path	bytes	sha256
.dockerignore	90	53353d2bbef09aa7119063578e8678701592a4875f50b9d0fbaf39610c6afe1c
.github/workflows/release-gates.yml	560	83cecd2ed41c6414dadd6e8bf818917047e244f1bc3e96fbd42d8e389faca1f7
.pytest_cache/.gitignore	37	3ed731b65d06150c138e2dadb0be0697550888a6b47eb8c45ecc9adba8b8e9bd
.pytest_cache/CACHEDIR.TAG	191	37dc88ef9a0abeddbe81053a6dd8fdfb13afb613045ea1eb4a5c815a74a3bde4
.pytest_cache/README.md	302	73fd6fccdd802c419a6b2d983d6c3173b7da97558ac4b589edec2dfe443db9ad
.pytest_cache/v/cache/nodeids	646	94d8d17da6c03b0f9823cd039ace4e615add8024605ecce12bfefbd898bd0f9f
AGENTS.md	2785	a1aa47cd7581a8ef9280dc4945fef8ab6e7030cd7f7ad3e4ed477737d01fda4f
Dockerfile	501	86ae2bfa9775a6f0482b890d1e16f672698a8b38f3c8af552843aaeb7d5cef73
QUICKSTART.md	1922	692d85647edb433e5e5a38627fcf54fa41fc4307deae5106225bf113e7358670
README.md	3315	9c264d68f59bf052896e832b8150cb0950ce21b3e86a10c68c8ebaae8cbdbe9c
RELEASE_NOTES.md	2410	8f7ad780bbf1c0a042029108386ceab797510ba361bbd40070f35766220b321c
aos.py	6073	d7f6a63eb0ad7ec3c27da6f2125f9f3e87b1f1b16fbf0e3be88753171b9e7c6d
compiler/README.md	245	712c39be317036331a6e3839914768022550aaa3888485d56c8de7ff33976776
compiler/compile_pocket.py	1476	9ab9ee664d368e97184e305fecda2a819813a7d9f0bc4fe070a0ed07d6d0db9b
config/production.airgap.json	1112	c506ebdaf1c2f8503ba270dec229eba10af8d329cbbb60a030b5c6f8a222d2ff
config/production.example.json	1309	5b4d2a4e33faed1392d64089e097e07baa01e9f882af509e15f3c9672d228280
connectors/catalog.json	2199	5997272428ddc3a00f3e6e85fa2d1d666962dcba3cb65720ff89db70957bc7c3
deployment/ACCEPTANCE_CHECKLIST.md	2004	a1a6618836bab5934abcadd557737c31f56667379bf01184d3faefecf2f2a207
deployment/airgap/README.md	983	100559693f0f60df739be6aca4cbbe4a97860da7f2d0d84aa930b92cf8e0cf20
deployment/airgap/make_transfer_manifest.py	755	096d3f6bdfed21948c0853b0eeb7b408e3e998d4a17a7ec90d3efc853b906283
deployment/docker-compose.airgap.yml	1479	ca01ccdfc07ed2312b2e2fbaf47f05359b58614a6d4bdc2c4f63ff008f4b71c2
deployment/runbooks/BACKOUT.md	740	404373bab82ebefa84fc8f5297f624b06eac216377f72231fdfaef30bc7bb084
deployment/runbooks/DR_RESTORE.md	553	49497c1c6c73368f51c11bc6697850af923eb98928ffa2babcd159671400b996
docker-compose.yml	1855	b6f3b6613fb2d7a02451496635f032a09fc27f205d0864730a80e4a1e3363ce2
docs/CONNECTOR_MATRIX.md	3968	3c564fb3f212e36085797bff1bdee1319aca6b7903f3c56dc47022dc6d42426c
docs/CROSS_POCKET_MISSION_EXAMPLES.md	1252	0f1b2f1ac9c1ef7376c8d25180593c9591eb623e56b2b67b4e3d070b7fbf4d8e
docs/DEPLOYMENT_AND_CONTEXT_STRATEGY.md	788	267eedd4fca0d505eb37b1b3b6fdf3a09f7a952bf28948ee9c75c74af58ad62e
docs/DISASTER_RECOVERY_AND_SITE_RESILIENCE.md	1864	287b5ea6f6357968c434b53404cfb3d3246b25e03528329b15609278b1c8202f
docs/EVENTING_AND_BACKPRESSURE.md	1993	95e78bd42f18b1ea0ec3dac3c9ac396b36ff6b2273cbec69ed02ed72f2c3bae2
docs/HOW_SEGMENTS_POCKETS_TEAMS_WORK.md	1199	c02fcf3a8dc6d2fc913982a14dc89973c17891b87cf66a296c68d84646afecbd
docs/HYBRID_ON_PREM_AND_AIR_GAPPED.md	2145	5d859a9eb3245292d312f969dca396a7f12d5fc2a71cce7526bb8563211890d0
docs/MCP_ADAPTIVE_AUTONOMY.md	4368	8768e306cf1e80e83d6000aa138c544581b4dac9e22d33cffee613c9a20b08f3
docs/PROACTIVITY_MODEL.md	1572	80ef2898b73d98823953f1bd8ec763deed0f20dd49133b66ba158c06d0353793
docs/PRODUCTION_ARCHITECTURE.md	2602	cf557914ef0ab01ad69abe40c1d1d61ed6cc70438fdd8d6a88046ad7e3396a3e
docs/PRODUCTION_READINESS.md	1521	ba6e8e5f1c795731758297e5d814bccd6435834202fa9f708f6ac91342f12e94
docs/RESILIENCE_ARCHITECTURE.md	1465	7e70c8098a0064c22964c9d21b5d1c61dddd549a0bb21384b2118e0e813f63cf
docs/SECTOR_SKILL_AUDIT.md	2464	27df3f0b53ca0288dbd9439db96dff61fb37f18ec6dafd963184afbde80cae3a
docs/STORAGE_VERSIONING_AND_EGRESS.md	1937	a0cd8d8f3bfef01ee6ad6f52063ddd884c8f3a992a709fd8ace5a8e1bda71a94
docs/SYSTEM_MAP.md	7150	0406dabaf3fc5a280ee4e133b5bfbc37f83aadf93ed72c64ed82387caaed3dd2
docs/ZERO_DOWNTIME_UPGRADES_AND_BACKOUT.md	2312	7ef0697574565b67927a9862addea87d5d6edfe8965219aae4136293b723abfd
manifest.yaml	1540	a01561f627ac5cf2d7c24d0404844366f82e974cd9b1d3e5c10e9b58ef3db0a9
market/BUYER_SECURITY_AND_GOVERNANCE.md	646	b7ae7fed9eb566c34f3b0e5540922fb21d1ad83d139f3d24876e4d2b6eb59080
market/DEPLOYMENT_OFFERINGS.md	604	146965530ce284409fc6af100ff862b99353c3f3cb092bbbef918f562669a33b
market/DISTRIBUTION_RIGHTS_CHECKLIST.md	1110	b6b3855de0ba003f4cf5b154e3b3c065c2ea7a8980658c9760097a28fd6c2352
market/MARKET_READINESS.md	1396	5d4f93c636560202d613bbac33e960b4d4ad6ed45caa890bb838672c7f5a49d5
market/PRODUCT_CATALOG.md	931	9ff9c7aee38272a5c93caf6f97697b2f761c6a0a702cc6b087f347dd99dcd698
policies/adaptive_capabilities.yaml	612	1da8ed44f941f719850b185041c699cf1cad840a2792cf63db664f940df85859
policies/autonomy_budget.yaml	1118	85ec56224c34b996854a6119d7b0dc2d32a5558cd4687222bb9618ae8f688e07
policies/data_residency.yaml	404	32940cfc1ea46c89b1e3d39041381d2a5c9156411328a77cf5e8ec61d5084f09
policies/global_autonomy.yaml	1189	ed937c8b4407d36846a2742d2c58dfc9c78180d6f734cef04bb9fe6ddffde085
policies/resilience.yaml	838	df29e42032c45cd67151585bcd1e0465bfc821e83171ce4c24df688f09d02e94
registry/handoff_graph.json	25142	a4dfdc7e345b926c4a69910298f7c5c57031de6e42fe18d64a557c7ca5af82a1
registry/pockets.json	45181	2edb95276659239d149324f2b899a371df72f97c8224b8962c7dc2d472572496
registry/sector_coverage.json	1849	d5c34f10ce42dd9c9e81382e55554ff6e7cfdedfde29d2d24ebe2662c5993520
registry/segments.json	2084	9723c12d2761c5725323cd826007845827387ad7eb36dc3077a45e9674ae0fda
registry/skill_accountability.csv	594119	281679d23f350b09038f1c277d64670ace44f53fe8c2e2eb53f24ba88a455891
registry/skill_accountability.json	2729069	34165626e17f3cd16063a86ac5414df09edf1d67f84e3c0347acb99a216cb62d
registry/source_provenance.json	717	335c232db114e7232e9491aff2fbb32fa5083689b025e5d93be1f4934b29824e
registry/wrappers.json	149281	453e5516be667df06b07aab32637490b6001f8b794170da8bcd8d3a3c4b6a13f
release/BUILD_SUMMARY.json	1972	5519566959ec1440d124125e1c18b677d934aa9a43a9edb53426cbad65dec288
release/FINAL_ACCEPTANCE.json	588	2bfdf357f2269dc5e75949e76b21e1aa5e7ed3f0924116a27beb2bcb95ecab82
release/FINAL_AUDIT_REPORT.md	622	a103e5e638a49c9de7d706575ea447b837c1d6dc6961587c6d45ac564c00dcc6
release/PROVENANCE_AUDIT.json	869	720c6ed999373480fd5cffcb3c61efaa68cc2c2c8aa37a476e0745480c3a7b79
release/SBOM.cdx.json	1785	8ee39dc9b38f08afcdb41ae7e8802c22141378f40a8486bfc493ab2e41b83501
release/VALIDATION_REPORT.md	640	dde06491e0bf0e59f8c3b49712dcfa6386811ee885960f423ac36484dcdcc19c
release/evidence/control_api_smoke.json	493	d86d2eb127c3e1f74f63512665e983768243230ac1bd4c06f891113967d1855f
release/evidence/dealos_pytest.txt	98	e8b12eb9c14e20ba6d6f42d6a6564099a0106363b2d2c716df325fb3a6e8b6f6
release/evidence/dealos_validate.txt	81	8f34cd98ed9038d86fed45bf2fbedb0a55bff2673f5bc219b59e60c7cadfb1b9
release/evidence/factory_pytest.txt	99	ac7ee2c43368e57d190c6ac089b2190a1f05864eabdfdc3e6d564b749e85fcc3
release/evidence/package_audit.json	82	2af2b5763f23cabac372ab1abf6439836c8e3fd64c734053ca696ccc61ec8620
release/evidence/resilience_smoke.json	220	a67702955031f282eee9e988a6f4f428cb3debdf0465493a74f865f418a3ed8c
release/evidence/smoke_test.json	580	d6d4b5bcbca70d74b69c21163fb82e5dba57e5755663e8803ae9eb31bfe493ff
release/evidence/substrate_validate.json	76	93c6811926859679b62978aa18728e5e22104e8367d931b4e5972e5a43c8c059
release/evidence/validate_release.json	235	a7c7eed351ccc1e778fc522be90209e5e363c35b9e9f5ac3eb940e09b9d603c0
runtime/__init__.py	0	e3b0c44298fc1c149afbf4c8996fb92427ae41e4649b934ca495991b7852b855
runtime/capability_registry.py	15201	a01ec917e0a989469ab364e125ce6a5405b1d242a9230ebb2a3e40b53beee015
runtime/context_manager.py	827	27858a744482c1b360f767b3ca88ba78df0d640deca238ab4e6633c7a46a937c
runtime/control_plane.py	307	a23c337ce1fb8e76ae17ff7df74ae748a06270b5256f9d13f01e3df06b2e0556
runtime/eventing.py	2581	d78207c5b48dac4f7ac17576218b89d25aa06915e11aec83ce5ce314821622b3
runtime/hydrator.py	3133	a1f6a73c2093141fd1ecf2eb64b86ad3ecf6c2daff953b554a8a5c762bdb958f
runtime/job_runner.py	3787	4854128dad57cc1c6bd4a34118fe0b11425dbdee23417fc2e4b673980e7e952a
runtime/mcp_assimilator.py	7372	66f47246601397d6655aa2a00c84453d4a579008e1d844160b0a2a3f130a1c2c
runtime/mcp_http_probe.py	2518	7ab8fa5cc2132c4afecd80f706a71065d379d678bead9794db2e6f4ed54786cb
runtime/mission.py	1003	8f71c44755051e7f140c4f8f1894765611312c184b4c74e8188599375d1a436e
runtime/policy.py	1485	7791c529892bdfbec155963a5bbe40c843ecfb11383af30376f29e22dd7f7fcf
runtime/proactivity.py	3043	add3f8f52b2574a8d3079a2d4058513da6117304f10e988f8a6661ccd72f1316
runtime/readiness.py	2577	59f2d2f080f6ffe57ccda271597e2e6beb215e0698111bf29e95cac4aa969938
runtime/router.py	1459	18dbcaf02574cad3063ca2809e42504623c74e1347619eefef70da187ac32a7b
runtime/self_improvement.py	652	efc631297526e35cd3b7c4f0a3246e9aa0fea28e7adfc29d00196434cec31f3f
runtime/state.py	2078	47381a35b89161859bc7805c0c6ed92e5fddd944dd27338eb8bdca66a7f0c4b0
schemas/agent_executor_request.schema.json	312	4ffbb49fb1deb68f440746c74c7f40d81fda775e046418f0b392b22a6df57bc8
schemas/generated_capability_skill.schema.json	611	3e7caed9602934517e4defa1380ab996447950838dea0cf92585d0b2a8ab22c9
schemas/handoff_packet.schema.json	902	a42133ba54f6ca0919f037ae9d4f21532c83ab7f26d76a1105d29df246ec86f8
schemas/mcp_capability_snapshot.schema.json	767	d88a946a65d33dd09b42ae8ba2cee265b878e4fe957c4827673e7fe440fce29a
schemas/mission_state.schema.json	690	0a699e8b641a0283c1600f70aa68931507c64cd876d5dd328eb53ccb4c2128b1
scripts/add_goal.py	575	63e467c438c2b9330275527dd1c827a354765ba973cbded72d92bb3a0c18b5ba
scripts/assimilate_mcp.py	965	094d032febe58c75640d6faabe78749e6ae1015c68661031c1c08ccfc2bb7bfb
scripts/audit_package.py	1770	2b3924cdef33b99ea6a3831bba3b6b644e7ef2ee7601a9b35ae33a8fd4537d2f
scripts/autonomy_tick.py	537	1f3edbcf0c69e4b5ffb18dfb8fb3a8c72e768e4fe8545dac97ac3890a8a51e19
scripts/backup_state.py	1816	076e1f315efe61f2e45c159f6ffcd953c2d9ae0ee9a97cd6d2a65cf9e31f3d6b
scripts/certify_connector.py	547	592ab0801cea3a32a7aeb09ac5fb12bddd08c0c6e368edf77f54206b8c2dce16
scripts/control_api.py	4379	4de8283e8c3a1d8c071685d25d40f3e2c4664d0c6b981f39fa055660e10941fc
scripts/preflight_upgrade.py	1426	16eb24b00c1c7a1e4e4a8b4b32c46e531c4df53b1740786df2f79bbf3697d3c8
scripts/process_events.py	533	15ada14d458dfd8521b3adb0b991eb855249061cbf6eec41d8ec3e1ff25eb78e
scripts/resilience_smoke.py	2021	aeb79f6b7902492c4fbb8aff48c5549514fb948bc773a576f0f74ae11c9487a7
scripts/restore_state.py	1619	88bf20194a8d1c9033e6d03bec94165f06b77fe039358cbaea3396387f0de45e
scripts/run_worker.py	605	bb7cfcf5a92e3e0ca632da5462e87947d0d134ef6027a5b3a5c48983a5c95974
scripts/set_drain.py	503	1a4ed00e50f7b516dc729641cf6e23316773e4c5a6aee38abad22513b143016e
scripts/smoke_test.py	2402	41ab849cd084930e8ba1aa24b55662490669f1e513316e368834edcf0e35514a
scripts/validate_release.py	4795	6da8dc4ab952112c2027ddedfdb804eabe7ae438009c85d3d5eb016e06a60c1a
scripts/validate_unified.py	2111	f05327ff26446baf0fb8889780d0ea0c593424815b13f5bd14529211f73f5c65
segments/create/README.md	203	0cd1154b6c8551ee9c3096f8fd02e7b0022e03244417cd5d883cbb0a07524569
segments/create/agencyos/README.md	669	c109fc1bbc8d4a153d1f3b4268d16c7d0496cacfd735c49e019bc354ba13aa2a
segments/create/agencyos/connectors.json	270	ab1c0dc99030760e3f87e1288393aa348e260f572b253a2305373369f2e22be6
segments/create/agencyos/manifest.json	1229	3f215a50162c5caa5e149322f3130a7b7c412ec51dda1849faa10e8d9b6cab1f
segments/create/agencyos/skill_routes.json	81441	9477c5bda4bcca9992965d50153e9dc90cda6c7d44432b973d3b7538b6c0ef5f
segments/create/agencyos/teams.json	2048	a814a68f2bd04ca31ad3007a0a6806f5ce676291ef9dbf1b94c0bf4b39078712
segments/create/agencyos/workflow.json	951	aa19ab959ba22fe696381b9aaa8c61d00afd325e0524ef6bab5488752c9238f4
segments/create/brandos/README.md	648	826eb3047e82c84cfec383d045f9e15f61fde44514a178742663d9a4e6f9b430
segments/create/brandos/connectors.json	283	d8f09296ae700c4bd138223063f980291056eda9fac0b51800aece7f8801ddad
segments/create/brandos/manifest.json	1216	61ebb3fc8c3692a336dfdb6e31c024152533267b519ea7dc8de8747229634b80
segments/create/brandos/skill_routes.json	72918	5e0e47f4b6ea2eb2dc1c350668a1734aa8980cab9c9ec8d094e194dde5cff9f9
segments/create/brandos/teams.json	2073	1c5e4c05ecaa0794cd73aa04420f64685844ce8158ead905e71ffc4d7cc9d956
segments/create/brandos/workflow.json	963	df2050e1ce97d8a311833567402148184b11da7ae60d9fe01c418ba4ca419b63
segments/create/creatoros/README.md	709	e9071c529b648e46b37ee2154582bcfdc801c8ecf7a8ef268303b23b7b6219ec
segments/create/creatoros/connectors.json	277	3d10d29792d09c6961a16f827936f42bdf47bbff7c07314d2b899b9610670755
segments/create/creatoros/manifest.json	1279	82e2d2757dea74d71f5ffdb5980d992f6d9163945a4b40ec64a87f1e402439da
segments/create/creatoros/skill_routes.json	78904	c1c0245945e5f48ffa5909d6834cdcdc99ed515bde0ca36a3ab52749399660cc
segments/create/creatoros/teams.json	2266	97c39056a78c1070bc7881c6a68cdd65b24851e382fac5443edd0f8cd23fedbe
segments/create/creatoros/workflow.json	1083	4f6056787570b9d109561f1cd772d098b7ac38b4c7f2dd78ef62004b3c8b0b3b
segments/create/eventos/README.md	712	b8c4267d437ffab13975c3abf522cb78d7ca9ac2d45211ed8182ed60e3336a4f
segments/create/eventos/connectors.json	279	624a8f3d32693ed9e2c9f151c29db49161f9d13db7b371ae01e561b52bac88ac
segments/create/eventos/manifest.json	1280	a2118da5427b90e973c9bd8c6031648b30f5a1376542c211daebcd1be1821d50
segments/create/eventos/skill_routes.json	79674	51102e1953dbfc4f0703b98d24299db417889fe81c93dd25632ce9a8d05ec283
segments/create/eventos/teams.json	2290	33038ec6824a361365d646a09af53419f4d6b534470d66db3e54e7bc2ffe098a
segments/create/eventos/workflow.json	1094	bf36a5310d94b99844830365995b82d349629a304517f30cfe7be9ac2b4a11ba
segments/create/mediaos/README.md	713	f3fe8fd328ea9c251d575af1e33468e9cbc4dfaa43b365054a163a93c34a2873
segments/create/mediaos/connectors.json	280	478e887a55a6f74dccdfe8237e3f2c56021e8a90db7ef044c51c3c476947889f
segments/create/mediaos/manifest.json	1282	28db3d77c01ef20f1b913e84572ec72a6b3f04dc24b98029fd0139fd20180865
segments/create/mediaos/skill_routes.json	63773	73ad8d591644a03890b48067a42b4f4b981191088bc55c281d02982d99202045
segments/create/mediaos/teams.json	2286	f7c645108c49efbc1a60305f6c2f760ec24603a17d45379ada3fb191f60d4f57
segments/create/mediaos/workflow.json	1092	4ca96d51feee2f9340c16bcdc19164ca9ca8509ae1a14ddd3bbd188757ee2d95
segments/create/segment.json	254	343407e22aa7298d56c2196f5025aad5ad704948b500e1de1a23af7f794d6a2a
segments/create/studioos/README.md	683	be70b56bf4f26a39bd75d8ad25b46c22cbb00b972dd0a4670f6436118acee846
segments/create/studioos/connectors.json	287	d6c73375a97a3f51f45ef41be4a3af1d1a2533a3b35a4766b63e6a20fee893ad
segments/create/studioos/manifest.json	1258	7bef3c31143a162b485e16f2ee172974ca8e5df8753f7cc801a7f2f79af5d44c
segments/create/studioos/skill_routes.json	67994	9d428e389325522e41632179b714b2e5a1cec2951da9380baa6a31c154bc74f7
segments/create/studioos/teams.json	2223	ef5e67e704092e3e60b931331cbde5365704565a27ceeb43a4bae3c23c0b15b1
segments/create/studioos/workflow.json	1061	b042eb712e2a553e3b87ff2e67c7f6b70d61e7f38af21c4b8518f5b22e93a939
segments/invest/README.md	187	00eab83cfd3f3e230508aeec47537b92df4a026708f3045d2188563f5fae19e9
segments/invest/capitalos/README.md	654	ea293fe15e7408458ab0fe1c6b98ff342bfc157376472aea9df311fd94aafc06
segments/invest/capitalos/connectors.json	294	7a675db435406546c59bba325b6c6dbe6d600c10ce00d5be7f68a64b81031966
segments/invest/capitalos/manifest.json	1231	0e98582002ede23f165702e0e2c435baf8c959838f462886cd61eaa88fbba752
segments/invest/capitalos/skill_routes.json	70800	4dff5e26d9f5ef647f86d6035ff047aba5354809ca41ba5b7316b5251624008f
segments/invest/capitalos/teams.json	2055	95562a9702f1300ba0e9f951ddbf56b9c51548c3864856917b001658d898455a
segments/invest/capitalos/workflow.json	955	43554176ecb66d0763f8df7c5dad2b91ddb8e91e047d2d2fdba5f9993289aebd
segments/invest/corpdevos/README.md	689	893479a24bd34a890f53c2d395d2fe80e9556110489675e9a7614908ddd48e3b
segments/invest/corpdevos/connectors.json	259	2d942ad820ceffa600cb9bc9b941a6149c72696fae3decc8106c59a7c165e550
segments/invest/corpdevos/manifest.json	1231	e0fee90ea25983f9c679f8cac32ed213a3c5d254ea7c3d1e517c73e991cbf012
segments/invest/corpdevos/skill_routes.json	75599	e8456f6bf2890cd7e9b88f9eff6a55b1511f8256d4e92fdfaaf1236ee7aa0f4b
segments/invest/corpdevos/teams.json	2107	f54add971c6597be79f2f13dcc988a1f0b62ba13fd25cb3ef4007db8fb6caf8e
segments/invest/corpdevos/workflow.json	981	6dbb4d5f7af056be3b210a58f708838765f906ee67624f3c79d1c0fad49a16af
segments/invest/fundos/README.md	645	3cd29b1de12d9a5a8083f8d516b2cb419f8294aeaff63c2e7cf233cfcf366ca5
segments/invest/fundos/connectors.json	268	d7f7037e6f4a9e393c8347f238d3ea860eed384602cfed3831e59cc5107da9b1
segments/invest/fundos/manifest.json	1193	9a7facaefa6ca42812cbb4a47c23425b337965b4dd9de403a10c22ae155b2982
segments/invest/fundos/skill_routes.json	77033	c1cde41ef32bb8dc8a4742906646d6cdccd891c7157b967f08a82e8d152ccf49
segments/invest/fundos/teams.json	2060	7fc58295dffe70fc47117f630826c44fbaf0a24a513e3cdf9493ef591fb04e31
segments/invest/fundos/workflow.json	956	4ea1bb4cdc08a88166a02d8f1d74be64ee414d2f5b7c3d50b478d3a4723becf9
segments/invest/fundraiseos/README.md	684	2b21f5ef96b0bb57323628a106d8457aa04882733c6fc9f0e5e79d7b8a8abf06
segments/invest/fundraiseos/connectors.json	271	fa4e03de635e1bbbd2e618ba73ad9c0d0be1573f8cb822dedb2d41612abe2f80
segments/invest/fundraiseos/manifest.json	1230	d26524c9928668239b9817ecfe7507737e8596af29810e0036e36024e622c7ab
segments/invest/fundraiseos/skill_routes.json	63997	23f85000eee1fb3e86e9bf57428ed26190e1867823cc60030108da187c0b7b18
segments/invest/fundraiseos/teams.json	2103	00636bc220cee157723bb0c34fe85a2ccd9df51f029e6e3966989a231d265c0d
segments/invest/fundraiseos/workflow.json	980	02fdcaecea8241a8fa2abb5672732de0fe483131a1ecd8c3b17155e8ab86439c
segments/invest/mandaos/README.md	673	0ad80494cd0f229a26202064109e68f8d3ecd82a7e2d56356e75c82691e8f2c3
segments/invest/mandaos/connectors.json	272	57de456e40b4fc9849050989b2f65e9bdc95435382f52206a0c03f23db6ea6b8
segments/invest/mandaos/manifest.json	1230	32cf856aef933b8db84ad1a54e732409bbf8fc420b9e131594dec95e2f165221
segments/invest/mandaos/skill_routes.json	70858	eca0dd11c4d734fe4076a209608da236840e778942b0e09471fb25c7b1307492
segments/invest/mandaos/teams.json	2077	ec404d0226a18c77d5967448223ba8a1788c3c050262ac4792d7f0a366d71362
segments/invest/mandaos/workflow.json	965	ae7e5760a3325559c66c1e8dcf586316ca87b93c749f51dd8e9f484250757e69
segments/invest/segment.json	226	009b9af73f74c1f6fc25ee2e5ed4342e296b4ce6d40440cb02fef10df10e0191
segments/learn/README.md	195	9c58115166359dfb29168344453fccf4e5799029104563be39056106608dd0d7
segments/learn/acceleratoros/README.md	699	bd896c31964b6afdde49fe10c53bb5e312096210fbff74356348b0c203e4798f
segments/learn/acceleratoros/connectors.json	264	87d8eacd117c219c6131a9ffbfd748d7d5127ac7ec0a4fac3b5f3b700861496d
segments/learn/acceleratoros/manifest.json	1241	ee3f528c4c2ed7c79948bd04da7f3f3a6aed22dcb23a7f51f50fd181645ba3da
segments/learn/acceleratoros/skill_routes.json	67988	edd615d1098f14ad20226395105fa95b9091e96c31ca3588abd834fd3d895076
segments/learn/acceleratoros/teams.json	2091	ffdc1186ebad9b45eecb4a88fd56841e28a8e3214ec6098115ea89b27744f204
segments/learn/acceleratoros/workflow.json	975	9b8e27746c0650ff5de27af6b8441a054f81cffdb029dff9e7c9b7dbd2b165ab
segments/learn/educationos/README.md	715	4514fb1e0bed74e309e7a8e4f4baa7c413282ab70785715a1a66a67a40ae7b34
segments/learn/educationos/connectors.json	268	676578a5cd771c8142341b1603dfd22ec5b9181375abd3042abe9f8a194d6a9b
segments/learn/educationos/manifest.json	1261	1043d85b5368989ddd2dfd9dd73896cb93dd81a8f5d95092ba74d777efd8d84b
segments/learn/educationos/skill_routes.json	74045	87c04d3103c35fae9f321fc5ae463a0eb106ba823aa0e010a4e6f1d6f4b7b809
segments/learn/educationos/teams.json	2282	8cff56d3e38f014cc485abc9eb7c1272731c90f6aa40172978d0dd56ad6cd3e3
segments/learn/educationos/workflow.json	1092	4e00f5d74527d3f3c952d251bc9780769840024532839b2f3067ff8de81da49d
segments/learn/learningos/README.md	704	703979a85190e2e9ba88bc75dfab20982f23f000e94992dd7398aa3c25fee439
segments/learn/learningos/connectors.json	272	f2c46819ab19549f013e17448493911c9f9c6126d54f97918d5eb49a8f91edfb
segments/learn/learningos/manifest.json	1257	3a782339d04ffe224d705f572c8b44eb556fb5c62168f55052f909b30a71a6d2
segments/learn/learningos/skill_routes.json	72177	3887c454b5f5bd761b92ba21dbf1a8f0444cd61de353a38fc03a656614b30aee
segments/learn/learningos/teams.json	2100	008a09752f3c4c44a69e68600227e3aee186f23b243656341ce1a438f2dd2aff
segments/learn/learningos/workflow.json	978	c4649fa676de0baafc1a241419c59def0d781c71b428c15a1098574aa649ad94
segments/learn/segment.json	248	a09dd97ea2d06f071df5ccf02bbc1776e970348b3db55edd2c52ece8b4c7a167
segments/learn/universityos/README.md	709	97d1ec3acd6fd90fa29e30caeccc5454a8ada606e7661ec40e22d47162996803
segments/learn/universityos/connectors.json	270	be5a902e43430d0cd8e2d5284670ddb5f7f29aa09bbbe49e23662e9820592662
segments/learn/universityos/manifest.json	1252	df4387e5a2c42de68eb32630bc0cd7ae894b5261d903fb637f6ab758502b17cb
segments/learn/universityos/skill_routes.json	66466	0e1508e20ef6d16c1991c9599e43b375ad0c8e937868e759456de1cb22b31e0a
segments/learn/universityos/teams.json	2130	b6d46871ee3a4924a352b6b5d94f38c234ca35c89dff6249187b6717244eaf71
segments/learn/universityos/workflow.json	994	1e8099e2d964a3a84ad39f2d9f145df16927c66b89ba56aad19f5de0704be32c
segments/learn/workforceos/README.md	669	1cd6382d47546901652a8f9e723d9e8cfca0170321bc2541d7ab79de5d556f9c
segments/learn/workforceos/connectors.json	268	18430cfa520093a02f3aaa5de89fac9f002d925ab4bd3e37f16988f62e510793
segments/learn/workforceos/manifest.json	1211	90a85b5f96b1061b431147e7243b801ba2e843b837f4fc7646b0a7ae55328c89
segments/learn/workforceos/skill_routes.json	77151	1de4db2fd2c7698bc849ad98140d8b103d91828edab2883c030f32c3af1ecf3b
segments/learn/workforceos/teams.json	2111	239524070211505cb3e588cb0880465c9a4593d7dac2d04d247a5eda42b52766
segments/learn/workforceos/workflow.json	984	f12b059f4287f4387596e5931a1cd32b657736da93ab0e31dccd40d581fc44e0
segments/make/README.md	165	819010fe3898d5b5d7b20a675d7c2a1bc2c7864fd105323447ed151d04f180dd
segments/make/buildos/README.md	651	ae03f6d9d082653590beca208573218629b2650b265a117e2606ce36558400ad
segments/make/buildos/connectors.json	293	4d4856badd77c06d5028ff96e344888924a918837ea21b499ebc41dc19ad3607
segments/make/buildos/manifest.json	1228	348577df8b6ad49d117608930ba81579ac8853cb0846084f05f9639dff6368c6
segments/make/buildos/skill_routes.json	82529	22171af53c3e7b734073559681ddedbb07c2b01e74508b632b5ca8f08ec99c4c
segments/make/buildos/teams.json	2087	c7e4dda0f50753be4182a4b5532ebe5d0e242bd2b5d300ef8425566bd75828bb
segments/make/buildos/workflow.json	970	d88da5aaa816f549e6b20e9592285c054925532031168f968343f44c6d9cacb0
segments/make/consultingos/README.md	682	0a13a9014943325d1762387cde6815643add1cf6bc3295ab2f75c8efc50e0b2a
segments/make/consultingos/connectors.json	281	58f0346a38cb6b948afef717f65ac17cfb1ea21c2ef2e030804c2a7e12101529
segments/make/consultingos/manifest.json	1245	6f718367ced9a8f54d1694378ed0be6af2001ccdc30f422558917cf73bcb4586
segments/make/consultingos/skill_routes.json	85308	e350a6d99834a8d8f51f4a3aef274dd408b98cd57613edc4a9e84f87b8151ad8
segments/make/consultingos/teams.json	2265	343e74f79e1377b07b0f79b6520c96f612aab4b4efa6ba9a3e97037588c71ce7
segments/make/consultingos/workflow.json	1084	36ffabc68479f434d50135d293ec8a9f3425c095b7d392e56430adcfbb575187
segments/make/innovationos/README.md	635	32b838977aa610f503fe63f29963241275b0fcf65ebbf5b14632e3b10f14e265
segments/make/innovationos/connectors.json	266	030f5a7453178c00dbc50d42c70977c281c0ab2be955cd18b10cbfd84c0a747a
segments/make/innovationos/manifest.json	1180	5dcef586934c24316c8cbd352cdd5bc2577a5a2d275e7a0c4919a0d50a71911f
segments/make/innovationos/skill_routes.json	68934	90992d4d66af30600b9c81d9c12fed530b6149665bb444f0ab31667efd53011f
segments/make/innovationos/teams.json	2078	3f2b2e70f9c92b00d590beead4b873c90e119471638961e2085f83466eed24f6
segments/make/innovationos/workflow.json	968	2a5566ef326ff233db9ee1b5e5d31328c88a4e80f5c23cde0741c1033ffc09ae
segments/make/labos/README.md	671	d221bfc08a92dc542a251a568f2a6152fc62ebe9ca5c8c2691d12c0249e677e1
segments/make/labos/connectors.json	257	e22aee0461fb1c886aec77340b45388fece439b1a963a24bf3f1b216e670917a
segments/make/labos/manifest.json	1207	174a1a8f3d600720209de7c6672dfb977b23ec4cf2fa967bffa4d9ebc75f899b
segments/make/labos/skill_routes.json	72428	9c65188cf6c5258670d454947a5c3a030179387e88949f50afa77ade262437fb
segments/make/labos/teams.json	2131	f6900825f78377a746764b0564da13871f5667f2ac1ac2926354e8f13f32b622
segments/make/labos/workflow.json	991	b05bd8b46cd79b31043b8ac0de6fbef309df911becbc516557b6161a1c82b619
segments/make/launchos/README.md	669	7275630265803ddff3348dc55889cb37f61a4f565132a928b02e1c57733dbfad
segments/make/launchos/connectors.json	277	0f34404f69225b87f5231e32aa23350eb16f47005a594c05e9fbb682be536dc2
segments/make/launchos/manifest.json	1228	742f877c8a0c896f0f68d2402609a6549c06c0f61846d4bdf43ee865589eab54
segments/make/launchos/skill_routes.json	67799	24e8a2ef981e4c063aab0a7238fb138218b673f6a0511c912d1b01ecaeef9645
segments/make/launchos/teams.json	2094	37f25a2f5585184a9010b7c04d07f73b256d6e27d51f4d55f699d16c4256c6ca
segments/make/launchos/workflow.json	974	06fb9419531193d8903df384f7acf244b0e31b4ea5cceceefba4ecf7d5d155da
segments/make/patenttoproductos/README.md	722	82f4b4e2096c8d37c53d1a8dca1d3e77e25b08a35dfbca2be2ff2a34b5594e02
segments/make/patenttoproductos/connectors.json	265	4a5a1e65f2048c24c181cbc1f2274ac6dae81eee3ca9bfa6d42977df7779db37
segments/make/patenttoproductos/manifest.json	1266	c38b39c5f738c8c49394f83f709ac45e9931dd4855ab1bc15cc8f2dea2f035c3
segments/make/patenttoproductos/skill_routes.json	62399	8c7859d89ef03a064e887c6ecb4f24a55f82434df03a7f12055b0e786be0f92e
segments/make/patenttoproductos/teams.json	2133	50d05cae8efa983a4f3288f159e35560f4b7d4a478a0f2b0dc04464a5ddcf155
segments/make/patenttoproductos/workflow.json	998	81d87ca18c76e98236522fa732e38e11e85eda00b547725c39207c426dce9814
segments/make/researchos/README.md	682	0c1e21b88a6c16a9182d1ce2bbebbc9a71c9a01d03eb2e19aaabd3ab2e11c96f
segments/make/researchos/connectors.json	266	1caf6cb08bfa42ef52d4a24900196c5d9ba5897d9cf85b47a3f4e344f53d9130
segments/make/researchos/manifest.json	1223	3df1e35b191d631c012dd7b59130788a5a43820e1a3630d820c5948cc34b1d45
segments/make/researchos/skill_routes.json	83166	2ad799ecd42b82ab2d8e409c8a4634f67dcabdc5a7cf55aa6df16373a42eb680
segments/make/researchos/teams.json	2150	293a2cfeb193a3853c0c42e91d9d52f7887523cbc56f3fdc6b274fecce6b7609
segments/make/researchos/workflow.json	1003	562754807ab60becffc6cfd33d6ce1ae7a1f51b4b78a23959dbe3c6ed9357f7f
segments/make/segment.json	264	5e71a2b289692fd25fde007b01c4f2c3d21723e464410b9a18b7e4f99cd8aa2e
segments/make/ventureos/README.md	722	c52779460f6719a3dad7dcd0f1956d1231eb8022a707721edf54f9d537d8d24e
segments/make/ventureos/connectors.json	288	d2380018113bebe2dd2021923786c94155c9f619cb3abb4e2c25c8743dc580d1
segments/make/ventureos/manifest.json	1303	851fdc28ac3f54477fbb030dcf74830932da240bb64a92f8a95044e7ad418546
segments/make/ventureos/skill_routes.json	60242	b3ba2e1c65d961cb0445747f195517738a7f5492678273604cc5ef4780d279e3
segments/make/ventureos/teams.json	2185	e3cf0bbe371daf03c4491fcfc607aacc5a7e314349cc0be292fdcca84a56a61e
segments/make/ventureos/workflow.json	1020	b11a02dea1a24f8133e2cf747ebe827237cf747f50dcd00dc8c692fe1cef77ed
segments/protect/README.md	179	55f0e225163ba996539f603eed92bab3734e13d4bf4b4d05c2883208a95f8848
segments/protect/complianceos/README.md	662	ef0ae6c59ca385d72af2c39b8e860a6a92f9f1f67dd0b18a3c0c0c0a081b00ed
segments/protect/complianceos/connectors.json	276	db10887a8339c9f674f9a2835da17e2cb70c00807095569af200e0f32fe5c43a
segments/protect/complianceos/manifest.json	1214	e9e77f83c593770a93c4c8222dca637acddfdfbe1242f58e689852e8e211207e
segments/protect/complianceos/skill_routes.json	85959	48a91b01fba358d6e71d3203bf2c0d7fab76f4e5ce7900ade3badc98177d836a
segments/protect/complianceos/teams.json	2086	3897c04b297ea9da65026fa47e30b2ade1f36e9ab733d8e0179244fd538a82d6
segments/protect/complianceos/workflow.json	972	720314b1839d7f46ae9be07b472428efdde602eb94b1bb84fd82857bff4aaf32
segments/protect/legalos/README.md	672	5d3ac6ee60d9c2655a7c6a37fe44d052d00b305a072db9baad9e711d14d40c59
segments/protect/legalos/connectors.json	270	a8c21faf13c248df4f1dfee5a086b9800f154fea7bc841f17341b15e8ffe4908
segments/protect/legalos/manifest.json	1228	b471159e4229479a6b2f47935caf50befc45c335acb00e15796562bf678211ab
segments/protect/legalos/skill_routes.json	85818	29f3fcac6abbb791eafa70616ab8195d28be6b701a805db9a7c621bb584826b4
segments/protect/legalos/teams.json	2075	7a1530faa7907209a5760a1f6624228e57f25fde8dfe9a3e5270248aedaa3a79
segments/protect/legalos/workflow.json	964	61bcacc7fe675235b5ad4d244caa76be83dbdcf61fbc35f60bc8cd6baec84018
segments/protect/patentos/README.md	699	99ccc8767bd4bafffd5db3ae60391f102bcadabd1ff6110e43807bd151791aeb
segments/protect/patentos/connectors.json	244	6e389804c58f3fd2b3dba63f815f0d425a7bc21cd9a20979a15fe6bd7a316d53
segments/protect/patentos/manifest.json	1222	c82e160bb04faf11653d35f6d61cb39a415c5ff24cb589af7f1d0c0bb4318a35
segments/protect/patentos/skill_routes.json	68652	5cdc218b1e31105cd460290ce579bd1508e3e5b112aeaade0205af70213eb04a
segments/protect/patentos/teams.json	2128	46c08b07149d20669ed2794de0bada26d84722208d9c271a01bb40775e5bfd3b
segments/protect/patentos/workflow.json	991	ba56d908fa6a38568a8f16e99b9129e056bb59d72528ad6ed8d63a8894ccd65b
segments/protect/riskos/README.md	639	b3d1ab0751937116b42b0e47c87abff19e6851f5dee19cd58b9cdc88175a9d0c
segments/protect/riskos/connectors.json	249	41fd06980c711ecbb91a4659747dc95193ca72e1175e2d7d05b757dc24a3473b
segments/protect/riskos/manifest.json	1169	8253b993cc7fc9abd8593f95dbd47bd734a8142e3224dc9bb179232087bc1782
segments/protect/riskos/skill_routes.json	84824	53a889f32fbb742c80ab49037907552bd070ba1a331a4511f8dc95aee36a663a
segments/protect/riskos/teams.json	2054	1b5bc9c9f83fbb5dd446abab45311deaf42e0e45ed648e269d78725610e0d131
segments/protect/riskos/workflow.json	953	97aabdf5fff0e65b9cbf4ad56ead1c86ea3790b92712799aac05ee85ffe1941e
segments/protect/securityos/README.md	691	8030ad37ded0e0436712f1cd82661d9c4e46430e4baab061e9446e6797554f0e
segments/protect/securityos/connectors.json	288	c74ab565c212192884874cda4aa64ed9f99fcf6f6039354fe3d6493a4f004294
segments/protect/securityos/manifest.json	1256	695c8d5cbb115811965dcb0d91417f57c15a827b9f7ba8c29939ee9ffd233f74
segments/protect/securityos/skill_routes.json	73566	83333e240513c44281893ee4582aaafaa9587be36098f8008b12b8641e5a48e4
segments/protect/securityos/teams.json	2124	ba4876f55474d111bd3982dedffbbcddc838fa4759ebbd87cce19cc605700196
segments/protect/securityos/workflow.json	990	2d7accbc8faf78b1b434104ed9cff4d74d03db2497fb10af907372947d16dccb
segments/protect/segment.json	220	4ba2638e87ede2c4c5d3bccb5a2d90a8f61fc861f0d2d24bf431d8464ab0ac6a
segments/run/README.md	195	9d6fd870d1c47e3658c21def64f5fabb557ef690d96ddcc49b5f621d3b2d4a16
segments/run/boardos/README.md	686	b2f5d2586045e613c035380c9beafae76b4a211a40751be9bbb175160177f71c
segments/run/boardos/connectors.json	257	3f45c42d95654f702f83127f6c6f0db1027292a7d0861faa87b302472bb48fbf
segments/run/boardos/manifest.json	1225	b02452456bf4ed5059d529c72c1240da314a8d89fb178765017987c7e9c010ed
segments/run/boardos/skill_routes.json	96787	17547f589fee6fbb7b2059cda1f86614fe4e26250ab2f61c27142924ca554670
segments/run/boardos/teams.json	2129	524e4045a10106fd69eab5f646121d29da0773dd2086910adcd83d972a058892
segments/run/boardos/workflow.json	991	80a7bf2249ef2df750f464dcbe5ae2c295bf9fb72f37de97335639e808efe436
segments/run/enterpriseos/README.md	914	46c2ddafd35c768d90a275cbe8f9efb25abc91f1280831f2bf58c08f959df64e
segments/run/enterpriseos/connectors.json	320	b2a1082b7a5c82271176b30d05c04576395888d239e6b8227802293bf5c55712
segments/run/enterpriseos/manifest.json	1588	d8b6297ff22ab88b4fd425b2ad189a9fb14d08aff9d9fd0f958a5e4b3ff6d21e
segments/run/enterpriseos/skill_routes.json	90429	b20256bc7dff553cf33ce3f6db610a449342349802e9a8130afc1f48d550d445
segments/run/enterpriseos/teams.json	2361	271c12fc98070b32e8c1cccf645b08eff1c947a1f2511561b987646062250ee4
segments/run/enterpriseos/workflow.json	1132	0a0002c80c105b66576915710bea403e3bf5d4370cf2e38ad7ff923496d71e2d
segments/run/executiveos/README.md	678	62dae6ed456b2964d6a1c375d922981d93be7ab9879bd51eaaaf86ec953730a1
segments/run/executiveos/connectors.json	281	a7d965f779db04d4bd86fb1a88c15f3e48fac7388d21136fb3bcbb03826c66d3
segments/run/executiveos/manifest.json	1237	8415db3647f9f31a7fa0035c589b17a24431cbe8ac4b71b7d2aba105c923e7e1
segments/run/executiveos/skill_routes.json	82068	1ef7e4d60c84cdbdd6cf1f5546f6dd2d3ebde8437a30ef88295ab6b5990acda3
segments/run/executiveos/teams.json	2093	70b6673a52513317329e2fa3bffeb9d392a8a6a124636a2413d8775575ddfd53
segments/run/executiveos/workflow.json	975	37dc4e66f5bbe0e7ff8cdc8ff5a54ccaf5ae84aca618dc60c8b23618f2a370f0
segments/run/franchiseos/README.md	657	97aaf6fbfd9753bf85de927334a0a3d6e245ff038fc9444ee4a1a7d614aab303
segments/run/franchiseos/connectors.json	269	5421d4e649a2c8b06d052a2707564bab2c664773b028cc058a71f91caf4f4e95
segments/run/franchiseos/manifest.json	1210	cd4ffaf0eef43cd2b056426dd35415713ef8ca62f826851030112641b3675e67
segments/run/franchiseos/skill_routes.json	79059	2378de4f184b78ae845737874a1fc6b43bb13406d11831b9fecb3fadd52997c2
segments/run/franchiseos/teams.json	2093	5e119abfe0464d10f31898edc47ee3757d7c9755d67ef6ad3f0c3dfbcd6c2b73
segments/run/franchiseos/workflow.json	975	acd45c533555603226c8792c188b6f45d1ace5f11156f1563265f818e89f9313
segments/run/pmoos/README.md	666	719787880d3b805e907e246be7b0756efc96c23f2d1bebd9f535c395b060fd30
segments/run/pmoos/connectors.json	271	09a00b6b120f40226b36547e4479e7cdaab06ab56d02bed9b6947c2d6226b96b
segments/run/pmoos/manifest.json	1215	b00d277d02888b1ffb56b9fdedab2e071660a6f406e68195e6554beb42562f51
segments/run/pmoos/skill_routes.json	79726	06f8e6664f3c179a633891cf248373658c4cc52fbf8319fa93276e660a45b754
segments/run/pmoos/teams.json	2099	4a5b31829f1c4026b3abc1faa791841eecc89075628bbecfc6e5c1a3c4e355de
segments/run/pmoos/workflow.json	975	c0886d35a4162352407b9828642b6664ca7ed6e5041d6dcedec30496a77dc83b
segments/run/procureos/README.md	675	8b484f1070c2ff59a1096275c3f9b20403597f387f6801f518b30ff655bf4f44
segments/run/procureos/connectors.json	283	d9799026f3cfabbddd267a744b18fe335718b4a4aec4970f7f71caafe053ebe5
segments/run/procureos/manifest.json	1242	3eca315a7f48c4e9949bc7bcd0f2ec78c042d5eee0e12e643813500c915a32b4
segments/run/procureos/skill_routes.json	79035	3ca3c15655b1ed4a383dc16553e7d34fc1bcde43f441ae7b2e3bd6d14f716f4c
segments/run/procureos/teams.json	2240	7d8f2137841082d9fe513461e1dc2b6881808962e8cdd6b483f57619b814a549
segments/run/procureos/workflow.json	1070	f06b3fb3ebd6c792be859809ac39a391af66e56570f26c2bc129b2f27788d8d7
segments/run/propertyos/README.md	686	82656ac0b2c3ff5b569fa364d4dd683dd737f205e632ab2cf6b0aa3e2b4f43e6
segments/run/propertyos/connectors.json	273	fc3e22056e58e181734e44380758e046527ad7e7369eb624a3e9bc6c5af80299
segments/run/propertyos/manifest.json	1238	1510f9d99ae955129ae07d9de3f9cd61d4ac90bed70f1abd7172afb2d9a80ded
segments/run/propertyos/skill_routes.json	80584	f925d0eea7145867cc6df80ee96a65198606219d404cb54d2cd3f56cffbc2fc1
segments/run/propertyos/teams.json	2098	925f833d7e9bc28caf1f20047712095cb18357c4bef459c5bb0643d2fb83ea16
segments/run/propertyos/workflow.json	977	e8581313aac923fb5b9c757f2ecaf2604cc19fb3c4765148f1c38c6b3d706ae1
segments/run/recruitos/README.md	654	f6449b5f7a2714ff49f40862306d60e854c81e62ba2c248a07e8bbea1ff1186d
segments/run/recruitos/connectors.json	255	7c5b187225ed674bc6fc27616ab065f9a16445ce1708e426a2e87474c0ddfdba
segments/run/recruitos/manifest.json	1181	5ece699fb53c2d7b4b8aa6cec281c0c17ade01213d71020a09a05a3bef07c7bd
segments/run/recruitos/skill_routes.json	70264	ef4a1189be50258ee523cc81c7fcde9516a44d68c7af222fa0560167796ab07e
segments/run/recruitos/teams.json	2232	a68d93bbcd4ed429ed8ad89f11263a0a8c7c2ad43900c4400f67f6c8c52091ab
segments/run/recruitos/workflow.json	1066	b32d2d8acdd1636c62e0de8d785f4e5b5dd6732190eda2c69618c75a9e1ea46f
segments/run/segment.json	335	66f342043cc69ec92f3bf2ff57e809c05bd6c9e04c29f67c67b21f3679ae2ae2
segments/run/supplyos/README.md	653	331c8d2bab69a51b94a70830720108cda0abf1dbdff115d88e0d266d9af90264
segments/run/supplyos/connectors.json	258	a0294a525ebddceb40cf4ecedc37523407d7c9a0b9d9f777efa5089558a21c6c
segments/run/supplyos/manifest.json	1192	5cacb9b8fd5a30318d13ec0b701193e4e0429b3e1de5e0103cf975fc2312e873
segments/run/supplyos/skill_routes.json	80920	a05dacf152b80b621e903e2d45674bceb151af902a8d06595a24261246881ff3
segments/run/supplyos/teams.json	2082	91e7303fd1e6757e4982ae958703954582649e2214c7c157388915a056da040b
segments/run/supplyos/workflow.json	968	7a5063dd7ae1836725961c89bd20a70e4c5365acff01bd7252cc51c558432094
segments/run/talentos/README.md	701	307d82d93d058474412c848eeb86742a0e02d85a20685fd7eaf0f26e6aefcaec
segments/run/talentos/connectors.json	249	f23f6c6c3ce719561ba644551253cf863081bdb5a2252f1d5244633c64bbc6d6
segments/run/talentos/manifest.json	1225	fbe7451120af41f8dbcad100884cbb25b88881bf017580ef611f5fea8bd33050
segments/run/talentos/skill_routes.json	79733	a5abb017691e03ccb89ccf779082d355af2e29c74ac2e6b07beb4f6291200b68
segments/run/talentos/teams.json	2126	5d841fe3979e700b13cb530eb5b2808341ebf19a17a8db07fa4acc77f670ab29
segments/run/talentos/workflow.json	990	b22d89907c6d22155b381f442b2cd6e11b3e7e117cdc7f3ae5094283620aac3c
segments/run/vendoros/README.md	646	878d3f5aeeb3c529327427e5a10fecb525797d17a2fc33728182271b87804b4f
segments/run/vendoros/connectors.json	262	acca58c6357b8f039ae227a2e8602d127e2bb5dd4dac58bee5d6909eae317e31
segments/run/vendoros/manifest.json	1183	b2217c559ee08253330b569fa40f26dab7b2437fdaf2978f5626cfefed6c6c32
segments/run/vendoros/skill_routes.json	75819	fc2a94eaeb7f3a22e0c16701363085d4b6875cfcb0b3707c752288c2887efeb5
segments/run/vendoros/teams.json	2084	de4e806e05fb5e1f64eca78c94e93e0403bf3d574f3627e72157c8f731555912
segments/run/vendoros/workflow.json	969	fbf609634265819dc2fc41db5736b23f9ff1a4ff49ca8f07867a9e87ecde4a59
segments/sell/README.md	182	818b08dc1c302c83a5185442ed0713ae535e97fbe38f81733eb708381551ed68
segments/sell/bidos/README.md	711	dea6bf21e001a06b427dd3fbdaa5b040f0b02f86eab5e1ac05c04b9476fd893f
segments/sell/bidos/connectors.json	274	0284de5d21453d0b9a30077d1f2a491e36f996e5f17ab0ba3b5d3e048f80087f
segments/sell/bidos/manifest.json	1280	47c7ac747d75c03a831b6d0f2d998820b53eafec36e18566ac9d71d002da531a
segments/sell/bidos/skill_routes.json	79608	a7fde08e46f2e2da823c8b878f7918b172d524e4c72708607c48477c17a8cd63
segments/sell/bidos/teams.json	2316	713b1838bc5ad52b8594da8ca1c47d0c6c211397afd449ab3560a65106a002ae
segments/sell/bidos/workflow.json	1106	b27a8929b6f496fa3ead5c456ed0f3ead45a1f3ddd9e5eeb9feb249b4e1f3c3d
segments/sell/commerceos/README.md	710	62c7e370dd5741ba724140ba44941e693dc54ec74ba93a8bb122f64529cbdc30
segments/sell/commerceos/connectors.json	293	b47bb74362288b0d94310b90b79e8559b7e9062d5614d467ceb87dc76a3a3431
segments/sell/commerceos/manifest.json	1289	a254a133d9c74a1d3ba44c6986d1f693549a3b849c76000083a89054d4d1fd9d
segments/sell/commerceos/skill_routes.json	70310	4b94674cd963c9c7b193c05a7eb0bc987ee9f3e782388c7eb1205707a7fbb4bc
segments/sell/commerceos/teams.json	2148	1e367dfe11ffae4a3e52101c0aba54a54dd0a10e22f17f2c5de720118702366e
segments/sell/commerceos/workflow.json	1002	6c3f9700035764ce87ad98eca3cef91b7053e426d7f381602345284aa7ed744d
segments/sell/customeros/README.md	645	844d999c69f04648a39b729a6066e4984372925dbe6529cc5ede492f16d3a9d4
segments/sell/customeros/connectors.json	270	ab0bbc776034f5c536538943a0578c3f6b8270e0292cde12573e7035698ac31f
segments/sell/customeros/manifest.json	1195	708963227f18359ffe3649de8854450e99f9cd2d40d822526f3a7ff6bdb68014
segments/sell/customeros/skill_routes.json	66734	c0d803ddbdf37c45662bcac12e5b16c04f48b44b713374cbc5066b916271bc44
segments/sell/customeros/teams.json	2072	f2358f9e8f464682606420f68b29bd26322faebd39b2150d32af87970694cd6d
segments/sell/customeros/workflow.json	964	6421c1bddb84f86e86f1e47c817d63f6058af574e966366e6a74a2fd74a0027d
segments/sell/dealos/README.md	721	13ccb80fcde0bd8c6c745cc0637a25e9b342b22120faff7aa06c9ba68ca4fdfd
segments/sell/dealos/connectors.json	343	ad2764a6a60e414a9ede09379c89bb11ef2a715f13759e4607d8340a9661a8d7
segments/sell/dealos/implementation/DealOS_v1.0.1/.env.example	2798	176c2e606ab88fb58fa43665c36c3609fdc74121cf17e910fc5541ddcdcd89f5
segments/sell/dealos/implementation/DealOS_v1.0.1/.gitignore	53	72484cb2b9aabf43a641176e3492c8f96d42e20f336bab30d76c1a4497ead1b9
segments/sell/dealos/implementation/DealOS_v1.0.1/.pytest_cache/.gitignore	37	3ed731b65d06150c138e2dadb0be0697550888a6b47eb8c45ecc9adba8b8e9bd
segments/sell/dealos/implementation/DealOS_v1.0.1/.pytest_cache/CACHEDIR.TAG	191	37dc88ef9a0abeddbe81053a6dd8fdfb13afb613045ea1eb4a5c815a74a3bde4
segments/sell/dealos/implementation/DealOS_v1.0.1/.pytest_cache/README.md	302	73fd6fccdd802c419a6b2d983d6c3173b7da97558ac4b589edec2dfe443db9ad
segments/sell/dealos/implementation/DealOS_v1.0.1/.pytest_cache/v/cache/nodeids	128	4991e937722012f8b5ab48a0d5ec78b7d1e09ef8d8ecf05b072b9361b8b4bdaf
segments/sell/dealos/implementation/DealOS_v1.0.1/ACCOUNT_AND_KNOWLEDGE_MODEL.md	1872	9b5ff96ca1bb23ac0caebd6ca0747d378101e08e57393aeee22106e9e5c21e62
segments/sell/dealos/implementation/DealOS_v1.0.1/AGENTS.md	1581	43136122233b64fef0430e6bff9817457c343d9ff0f7a4e8795ea8e42d2af896
segments/sell/dealos/implementation/DealOS_v1.0.1/CLAUDE.md	975	abc078a739ce44d3fdd89dcd23e6201ad2c01378c947ced5e06a7fb8d2292258
segments/sell/dealos/implementation/DealOS_v1.0.1/CONFIGURATION_MATRIX.csv	1443	79afc8d5489bdccf0a3eb204a6b1501453b95f265f13d73bd4a5d876c495e873
segments/sell/dealos/implementation/DealOS_v1.0.1/Caddyfile	126	a8d400d263a5c8b62798b6f0546376a4b8c4911a5903365773844d9aad9fc2df
segments/sell/dealos/implementation/DealOS_v1.0.1/DEPLOYMENT_CHECKLIST.md	1921	42fc498fac653d8dd81401feb488a1271ae6826a31ffaf95ce09c3fae54612f2
segments/sell/dealos/implementation/DealOS_v1.0.1/GOVERNMENT_CONTRACTING_GUARDRAILS.md	1244	fe5a83f656823ab113351ac3c5e0a307818f53b6f8c75d048320aefa95acf2f9
segments/sell/dealos/implementation/DealOS_v1.0.1/INTEGRATION_CONTRACT.md	850	244ce0ec1dda40463f0b736facec7cee770af3890f3b678856f0c6ea7478ce91
segments/sell/dealos/implementation/DealOS_v1.0.1/MANIFEST.json	812	198d26b55083646519f6bcc5b9c96d19d2208226fab90daf5d3f2974807d7058
segments/sell/dealos/implementation/DealOS_v1.0.1/OPTIONAL_VOICE_AND_MEETINGS.md	872	9bca3368c0675eca2f0f5241cbea5a3e58f71952257987108f0e27553c2946cc
segments/sell/dealos/implementation/DealOS_v1.0.1/PRIVATE_MARKET_AUTONOMY.md	1187	d08d7ba589dd90fdcbd48dc60935abffa5fd28f5fe5f11d852fdc4f3577eca31
segments/sell/dealos/implementation/DealOS_v1.0.1/PUBLIC_RELEASE_NOTES.md	1407	ccaaf45dd851d5eb0a8780f64f9854a8f50b4790545a2ddb486b8c953792db85
segments/sell/dealos/implementation/DealOS_v1.0.1/QUICKSTART.md	3127	88358002cba9dcbd77c5a58480e81b11dfcd0117ced59b004b87d84c31a57a7a
segments/sell/dealos/implementation/DealOS_v1.0.1/README.md	3805	3a9239484cb72f0214a67e595f02e8ba5c774f832ee7f32319b8d2f1275e5950
segments/sell/dealos/implementation/DealOS_v1.0.1/SECURITY_AND_AUTONOMY.md	1914	76f72646a23d53b2ad073413c9ceb8e534f3e80ea94c6f6d3275987eaa93e117
segments/sell/dealos/implementation/DealOS_v1.0.1/SOURCE_NOTES.md	1377	fe4ab8445e348f6e70c8abe721255263813836e0959943568691599e40a1ffa7
segments/sell/dealos/implementation/DealOS_v1.0.1/TOOLING_AND_CONFIGURATION.md	11842	862a5cd059bdeaf58fc5279502daa63ba2d59d394bee043c8b8ced81b015ee27
segments/sell/dealos/implementation/DealOS_v1.0.1/USING_WITH_CHATGPT_AND_CLAUDE.md	5940	cd8f428434157dcbaa0678dfdf1a969009e302f50aab88f17b09b77d8ffa95b7
segments/sell/dealos/implementation/DealOS_v1.0.1/VALIDATION_REPORT.md	1929	a50fa0da25336360d77586ac57a5c8b84ef0229b68712ed16dca0316fbc2fd7e
segments/sell/dealos/implementation/DealOS_v1.0.1/chatgpt/README.md	485	ae9d5d764a43ef241405140e80fd5a9e38324ab8682fbeafddcb41744e798b9a
segments/sell/dealos/implementation/DealOS_v1.0.1/chatgpt/action-openapi.yaml	2435	c3d0d93be64347a521f03befbc535d994752de6e2e60ee61e687cae4b5179f2c
segments/sell/dealos/implementation/DealOS_v1.0.1/chatgpt/owner-console-instructions.md	798	253779a895925d72da4d2c04c15f6bf57bd92467aa8c0e406078c9b2ecca5b14
segments/sell/dealos/implementation/DealOS_v1.0.1/config/account_registry.example.yaml	2123	4b6fe217a5c2751e736992fc9675706539cbd649bdefc8e6b4a7c52a69d06a3c
segments/sell/dealos/implementation/DealOS_v1.0.1/config/business_profile.example.yaml	2349	697c607c8ac4bfcd1d6947f2d422778f2b4d9da8dea96c2784643d61db2203a1
segments/sell/dealos/implementation/DealOS_v1.0.1/config/lanes.yaml	2078	4439675d0934c356bd7dc4b1b7bd6d64595667b2c2eb5b5eb229875295e78086
segments/sell/dealos/implementation/DealOS_v1.0.1/dealos_core/Dockerfile	203	bd75ede87bafe578a4135c7244413cfdd050005b89cf8405f7b9ff26af867e72
segments/sell/dealos/implementation/DealOS_v1.0.1/dealos_core/app/__init__.py	0	e3b0c44298fc1c149afbf4c8996fb92427ae41e4649b934ca495991b7852b855
segments/sell/dealos/implementation/DealOS_v1.0.1/dealos_core/app/automation.py	3127	c954d1bce032b21b63d70281519cc6b1f587aec859a472f75f4db49e0396fd72
segments/sell/dealos/implementation/DealOS_v1.0.1/dealos_core/app/config.py	2837	c7e1b19afe8962581b6637265d0a62850fba46337c6b15f1f8441fd0c31e280e
segments/sell/dealos/implementation/DealOS_v1.0.1/dealos_core/app/db.py	497	ebab1e17a536c268533330425d09225dff5716881356be1a27ae9f76aa3aacce
segments/sell/dealos/implementation/DealOS_v1.0.1/dealos_core/app/docusign_adapter.py	1496	f735a61ce91b76b5bac1e25c872fa47f0fbc6e5092d1b433da1800373a8b1f1e
segments/sell/dealos/implementation/DealOS_v1.0.1/dealos_core/app/government.py	408	79f961057469b68ee7b05284e041a54f7c4e28a95ca96fe918ab07722de19fee
segments/sell/dealos/implementation/DealOS_v1.0.1/dealos_core/app/hunter.py	1076	0e3b22596d3ca1deea3cdfb5d5c29cd11e8af9a0e4a68162fae5c37e770b82fa
segments/sell/dealos/implementation/DealOS_v1.0.1/dealos_core/app/llm.py	4070	4882f879b2c01bc3fb4ab7bbff3034d702408ca56c283c13f1f341eb6a213421
segments/sell/dealos/implementation/DealOS_v1.0.1/dealos_core/app/main.py	20506	e5c31db1e9b6765b3ab628143af2d00add14f9be9b1f4891d67135b888989edf
segments/sell/dealos/implementation/DealOS_v1.0.1/dealos_core/app/manus.py	1884	139087322961ce0b911a6d5293754e5f0893427a70fc87949d8278345233a7ab
segments/sell/dealos/implementation/DealOS_v1.0.1/dealos_core/app/models.py	9496	5cd1e99ada6efd58a0cfa83c469b1fe454213ee19572e4c1ca63a4b29852bede
segments/sell/dealos/implementation/DealOS_v1.0.1/dealos_core/app/outreach.py	1621	8e7d74c8c8a7df3350b4a93c3282cf6c63e3e235c225b7faf9a4cfbb7353284e
segments/sell/dealos/implementation/DealOS_v1.0.1/dealos_core/app/policy.py	1334	d623fdda122fa74a964afc4ce17f4640b347a5ac3cfc69c7f57bdee536c4e736
segments/sell/dealos/implementation/DealOS_v1.0.1/dealos_core/app/profile.py	808	965a95189e05261216a3f71c89a84755163e5cda69f9eaea94a9e8945c27d044
segments/sell/dealos/implementation/DealOS_v1.0.1/dealos_core/app/research.py	4012	ef7e23904e171b6909cbcb0dd6dba7935913fca399fb97eb7b689a06a3053437
segments/sell/dealos/implementation/DealOS_v1.0.1/dealos_core/app/stripe_adapter.py	1422	2e915db0122dfd176569fdf69995a9ef44efe439ed0470655ddbcc899feff69f
segments/sell/dealos/implementation/DealOS_v1.0.1/dealos_core/app/usage.py	2176	58d1082d76c927c4c13c9400a03ec2e3484fa9587f7f2706a4171e9323ef4035
segments/sell/dealos/implementation/DealOS_v1.0.1/dealos_core/requirements.txt	218	4fa4573dd77f7271402e6076dcab866130707b4586424b97d3ff93d86b6fef9c
segments/sell/dealos/implementation/DealOS_v1.0.1/dealos_core/tests/test_policy.py	385	a1a2d78d4e873f7dfe70e292d4ba0ad51d3d9e01d1f9ad7b9430887981f91bfd
segments/sell/dealos/implementation/DealOS_v1.0.1/docker-compose.yml	1613	af33b55bfff4759384911b1966aa8df721c69fcd37925270c3c5371181b8543b
segments/sell/dealos/implementation/DealOS_v1.0.1/docusign/setup.md	854	b47dd0df6dc45102720a5e4bc8495a194ca86c305ca4e02873c5fb18ea656b1b
segments/sell/dealos/implementation/DealOS_v1.0.1/google_workspace/dns_email_auth.md	576	ff5e6f64c5a636f6c1b0a4e847a4cde3dede16b81fd2ce976b1c8c3d1a63c764
segments/sell/dealos/implementation/DealOS_v1.0.1/google_workspace/gmail_labels.md	353	b1bfa8bfc4754ee64d26257e724fb5d12e4f32c431562d27d444468a728f4669
segments/sell/dealos/implementation/DealOS_v1.0.1/google_workspace/oauth_setup.md	1172	15988c5de06ad0a2d50318b9d9578fcc5ea956a1bf54f1fac75f5a93a4e5e9fb
segments/sell/dealos/implementation/DealOS_v1.0.1/government/sam_setup.md	554	168acf81083b1b53031582b5ec5f5694d6b6e112073622cfda1b9353643f1c54
segments/sell/dealos/implementation/DealOS_v1.0.1/government/usaspending_queries.json	665	7de145bac129b5cdd46e690a43112e4f7a7c6b27940a48cc64dd5ce23b98ad72
segments/sell/dealos/implementation/DealOS_v1.0.1/manus/README.md	875	10afd3318805e46bf9eb5c3945c075a9c6a44ff82c68e812bb59eb20c4ed3f9f
segments/sell/dealos/implementation/DealOS_v1.0.1/manus/project-instructions.md	462	b13543de8b66d53a1a78076c445bbb4573b6484d5e55d99c0b2ae421d679a5ac
segments/sell/dealos/implementation/DealOS_v1.0.1/manus/register-webhook.sh	320	1307ce9ab18de46347bda706a2dccb90cda4c7726c3c37ddf0b6ec0c547561ba
segments/sell/dealos/implementation/DealOS_v1.0.1/n8n/README.md	1589	035ae2f8f5ac4e7b40e2c56f41edc99c1adf2de9cd4fcd1577283a3c2f6c50fd
segments/sell/dealos/implementation/DealOS_v1.0.1/n8n/action-executor-configuration.md	1475	52247c339bf5ae132c9ec74a3f35743cd9671661db2f5905bf80c6d50525772f
segments/sell/dealos/implementation/DealOS_v1.0.1/n8n/credentials-map.md	515	e6bca79ca0306cb205751e4a4ea866d5040fced754254cdd710e6ea36dfefaa7
segments/sell/dealos/implementation/DealOS_v1.0.1/n8n/workflows/01_gmail_inbox_triage.json	2377	770ba76a1039dbb6f422b59fe70cb1c7fc625a7ffc0e53e6750500119877702b
segments/sell/dealos/implementation/DealOS_v1.0.1/n8n/workflows/02_outbox_dispatch.json	5233	ce40bc5473103443209fc7f31c23e945b46153984666c0c59d746cdcb4eea64c
segments/sell/dealos/implementation/DealOS_v1.0.1/n8n/workflows/03_sam_opportunity_scan.json	4007	124585a507d301706d5ab1ab2cfbd944e554a006e83e15fe766932661dfe9a2c
segments/sell/dealos/implementation/DealOS_v1.0.1/n8n/workflows/04_manus_research_dispatch.json	4022	be0489d69cc4c2bb02466dead493b987a769e7b8b3198deebf6288b6cd4c3bc4
segments/sell/dealos/implementation/DealOS_v1.0.1/n8n/workflows/04a_openai_research_dispatch.json	2655	4d0f8bb0a0c8b88df0eca659f1aa800bc980e6cdd18cd7a160b724afa87bb9d6
segments/sell/dealos/implementation/DealOS_v1.0.1/n8n/workflows/05_weekly_owner_digest.json	2055	17e8fc0e6d5f00ccd784a0a58155825121cc6490653e074b215f030223a15321
segments/sell/dealos/implementation/DealOS_v1.0.1/n8n/workflows/06_action_executor.json	2584	826da91137b0a4a4ab26d3ee31991a02cc83ba0f6ce6ae5439ccba886cefe351
segments/sell/dealos/implementation/DealOS_v1.0.1/n8n/workflows/06a_calendar_executor.json	3797	781838ee7e5b0d430622490374f1663b98c29d9859091138dbe0cda95e413a10
segments/sell/dealos/implementation/DealOS_v1.0.1/n8n/workflows/06b_stripe_executor.json	3747	cbe83ee754bf899cfe38d060fd4f1029786e5600803dfee5fa880551e9d41f05
segments/sell/dealos/implementation/DealOS_v1.0.1/n8n/workflows/06c_docusign_executor.json	3759	86e79ba47c4369e5122b7007a7ebd9fed1950fee476d730633838f3149074f20
segments/sell/dealos/implementation/DealOS_v1.0.1/n8n/workflows/06d_drive_executor.json	3778	25b9c9fef1e75dba32ad0d12c341cab3d9ea71b61d86cd709fdb53af25f1fbb3
segments/sell/dealos/implementation/DealOS_v1.0.1/n8n/workflows/07_error_handler.json	1087	ad554b63dee7970b074dd01b70f12bde6feb21367bdbfe8fd8359f726b70995e
segments/sell/dealos/implementation/DealOS_v1.0.1/n8n/workflows/09_private_market_scans.json	1966	c6ef9ede85871dc2375658f7c1d7cf5b00742914d36276486f3645a26850c4b9
segments/sell/dealos/implementation/DealOS_v1.0.1/policies/autonomy.yaml	1441	6aa3e885b7c326b8399bc731c1e41077fb24d0c1c98c8230fc5c1fbd1b4d750d
segments/sell/dealos/implementation/DealOS_v1.0.1/policies/compliance.yaml	574	676c7763f2ccb02161d8944255a3416ccb1044873486c4d9f6749a9c93d3df2e
segments/sell/dealos/implementation/DealOS_v1.0.1/policies/model_routing.yaml	846	b7ee7802eb3437e76d326c4f077823a36581af3b25646be87850455c7ebeb4aa
segments/sell/dealos/implementation/DealOS_v1.0.1/policies/negotiation.yaml	1053	feb0b8b761e1c0811ee69fd27b49f61c2f7c7414702f56f328291ce8186b6973
segments/sell/dealos/implementation/DealOS_v1.0.1/policies/outreach.yaml	596	7980c9d8da121b11d5168ae0c409d5b6a8b08471251ab4c1c4b1b03faf5bd63a
segments/sell/dealos/implementation/DealOS_v1.0.1/prompts/01_governor.md	509	6c0d6af7c96eb43c8f97caa1ec997c86639cd739a0deeee65782568ad17374fc
segments/sell/dealos/implementation/DealOS_v1.0.1/prompts/02_opportunity_hunter.md	539	d40155124e497697508c024ed8fe9d0a1226ad02536ead440f7239b94f47be0a
segments/sell/dealos/implementation/DealOS_v1.0.1/prompts/03_intelligence.md	505	83c6945c3bcf6f0e40ba33df40c1b8a9cb732dd59e4544bc483113238d69dda4
segments/sell/dealos/implementation/DealOS_v1.0.1/prompts/04_relationship_memory.md	508	f90b4cae9257066e8f790e11def49454188b21773d087de99008a8c7c779c118
segments/sell/dealos/implementation/DealOS_v1.0.1/prompts/05_outreach.md	486	cae5dc3ef21ab739dacd81d77e1762ad1982ac39a9c2cae967fe6904e9dbfe2a
segments/sell/dealos/implementation/DealOS_v1.0.1/prompts/06_inbox.md	488	6346dec8f347e7e4ad2b75b01eceb405db0fb95d39fa7d4404faddd8bd84c0c7
segments/sell/dealos/implementation/DealOS_v1.0.1/prompts/07_deal_strategist.md	502	6b64fbbc6d24d1f856cd24f2f5fcb1df834b2cfc704e503f603825ab47b87164
segments/sell/dealos/implementation/DealOS_v1.0.1/prompts/08_negotiator.md	498	a59ee3de8bd064d86d44dee1435a5de28615e686ad9d6509f2e3e3f6a5bbd746
segments/sell/dealos/implementation/DealOS_v1.0.1/prompts/09_partner_matcher.md	524	414366da83287312ef673aec938713eb235824f4d86c0e1fdf39b82380790452
segments/sell/dealos/implementation/DealOS_v1.0.1/prompts/10_proposal_factory.md	498	b293b276f04e710e67766fa99c4264ac00055df2a5e4449690d39af82d76e692
segments/sell/dealos/implementation/DealOS_v1.0.1/prompts/11_compliance_gate.md	512	547fe1cf53f26bbd683fef1864fc545939fe894e49327822fd88246b43811d67
segments/sell/dealos/implementation/DealOS_v1.0.1/prompts/12_expansion.md	484	9d737c153c6b65723d3d02f6a81ca4153c537c35d7d59a2c82142ce12ebb41ce
segments/sell/dealos/implementation/DealOS_v1.0.1/schemas/approval.schema.json	512	a7ea89d1ac7ce6832826aaa6129e15bde57113c1bd643a12a2632b076aeae797
segments/sell/dealos/implementation/DealOS_v1.0.1/schemas/deal.schema.json	704	fd5fab9d4f19c345ff01c284be1242888d4f58ca8e989f36da3d045440257db7
segments/sell/dealos/implementation/DealOS_v1.0.1/schemas/opportunity.schema.json	728	672899a6d4b27f9f1f961869daed30cb17c7959d1fe841e4046b83e6d52c807b
segments/sell/dealos/implementation/DealOS_v1.0.1/schemas/research_result.schema.json	645	a03c3ad986a2eec839036174a2ff0943280c4beab90f9898a5a2747e19990932
segments/sell/dealos/implementation/DealOS_v1.0.1/scripts/bootstrap.sh	298	3db37bf8ec62b2b889fd3d9e975605ed8c2ec33ca9c69a7d91dab8e77e1a6c5c
segments/sell/dealos/implementation/DealOS_v1.0.1/scripts/validate_package.py	1181	41b447d5988e452b6cbafeabe1ef6440b9832cd7aadb80289cff751debf48bf0
segments/sell/dealos/implementation/DealOS_v1.0.1/secrets/.gitkeep	0	e3b0c44298fc1c149afbf4c8996fb92427ae41e4649b934ca495991b7852b855
segments/sell/dealos/implementation/DealOS_v1.0.1/skills/dealos-compliance-gate/SKILL.md	1220	d4c85460fc5cab2d9132167f173eee38868c6fd8276e9d60e24e514f98afb550
segments/sell/dealos/implementation/DealOS_v1.0.1/skills/dealos-deal-strategist/SKILL.md	1211	48834655d51acf93cacefd44ae76c8b55b454d7517481a56187812b7f9a7c2bb
segments/sell/dealos/implementation/DealOS_v1.0.1/skills/dealos-expansion/SKILL.md	1185	d802917e5a9641e162738704664249b3b0f73559e7826db4a3df347849d0750c
segments/sell/dealos/implementation/DealOS_v1.0.1/skills/dealos-governor/SKILL.md	1261	ebcddf3c91a7e38f1390f4a40429842c0770bd57dec5dee305798d0d9e7396a9
segments/sell/dealos/implementation/DealOS_v1.0.1/skills/dealos-inbox/SKILL.md	1169	aec0c3b199a86f7a2ce144c77e30f4b6ce70384f29060dec9135476029fe5386
segments/sell/dealos/implementation/DealOS_v1.0.1/skills/dealos-intelligence/SKILL.md	1293	abb8c374b397059ac2a6d7be4c6641ab1a784d9715abc6f5432a13f1721aa3d7
segments/sell/dealos/implementation/DealOS_v1.0.1/skills/dealos-negotiator/SKILL.md	1222	7dfd19b837490c368faff0bee9293d38498e7ed64088036d4de9d0a046cacb02
segments/sell/dealos/implementation/DealOS_v1.0.1/skills/dealos-opportunity-hunter/SKILL.md	1309	4db17a0174eb82892443b79f66a4789b8d2df41077ee6b89cde82d6cfddcc900
segments/sell/dealos/implementation/DealOS_v1.0.1/skills/dealos-outreach/SKILL.md	1141	b7de460e281ec6823b7973b19ca290620449bbd35f3020d08dc74910abcb6966
segments/sell/dealos/implementation/DealOS_v1.0.1/skills/dealos-partner-matcher/SKILL.md	1248	a6b42aae703cc013f1e1cfbc57127e1b9a6ee0ab930ca05c30fbc32307c091c9
segments/sell/dealos/implementation/DealOS_v1.0.1/skills/dealos-proposal-factory/SKILL.md	1195	1f310a09e9cc1b006c591a1146d8051686ce9a18d8bc4572509b070661fc9b99
segments/sell/dealos/implementation/DealOS_v1.0.1/skills/dealos-relationship-memory/SKILL.md	1220	bc4a20f0fae9c74ffd4a4448cffabc5ab12adac60a7c5f8b21621fda249fe2c8
segments/sell/dealos/implementation/DealOS_v1.0.1/skills/routing.yaml	1878	d5b6eda6c91aa17d397466d3a8dca0c95476c78c00bb53c97e22c676f7561a6b
segments/sell/dealos/implementation/DealOS_v1.0.1/skills/source_505/.DS_Store	6148	ccc07bc052beb9504293a9b1abe87ab5c7dcc1d943d604b9f0ebd500224af4d6
segments/sell/dealos/implementation/DealOS_v1.0.1/skills/source_505/Archive.zip	22611	8ee248310d3f56f5c8318577c44325832f1d6c8dc90a7c4f03f78a5f9b4e3016
segments/sell/dealos/implementation/DealOS_v1.0.1/skills/source_505/advanced-web-developer/SKILL.md	8802	1c08223f44628cf59f22a1054408cedf4ca631aa514dbdb68d84e008a3c7475b
segments/sell/dealos/implementation/DealOS_v1.0.1/skills/source_505/agent-lifecycle-manager/SKILL.md	6222	9189943111b9c45bbbe896859988c975ab365ecc32f55ce3af619d42b912c5a3
segments/sell/dealos/implementation/DealOS_v1.0.1/skills/source_505/agentic-sdlc-lab-guide-builder/SKILL.md	2661	806da3c98a0a4d09ed843b90af4393a87313da1f4f77e153406160f8bce1a6d5
segments/sell/dealos/implementation/DealOS_v1.0.1/skills/source_505/agentic-systems-architect/SKILL.md	4345	c26819fcf49b796966d03477631e17ad5aeb14d4f3d9f8d225457b5ec6bf692e
segments/sell/dealos/implementation/DealOS_v1.0.1/skills/source_505/ai-automation-lbo/SKILL.md	5892	24f66b65b8f00556106f5d98813e83b79006190d5ba9cb7e4685b2fc68a1318e
segments/sell/dealos/implementation/DealOS_v1.0.1/skills/source_505/ai-media-orchestrator/SKILL.md	5219	925a4f901318b5bc0254cf6f2b5869626bf34bd6ec41958451c13f5d3dc670b4
segments/sell/dealos/implementation/DealOS_v1.0.1/skills/source_505/amir-mushich-prompt-writer/SKILL.md	4372	d5458f7fee3ab47d0149968b70fde8552bec830c7933d85ef5ff22bc0c33618b
segments/sell/dealos/implementation/DealOS_v1.0.1/skills/source_505/amir-mushich-wrong-venue-sports/SKILL.md	4387	c8a4fb24b1aa567b425bd40af45f5c48a2b1ae94d0b008f9be74fa7b8dfd21dd
segments/sell/dealos/implementation/DealOS_v1.0.1/skills/source_505/animated-series-producer/SKILL.md	4048	28ccc0960b54c45a4f9c85d36fa4f4003d75bd30d59d29603bc71a00c9983760
segments/sell/dealos/implementation/DealOS_v1.0.1/skills/source_505/anime-series-production/SKILL.md	10246	fb4c49a91108e7316bbd88c081cd843d2ab1d66da59a0a348464769cd4455d0c
segments/sell/dealos/implementation/DealOS_v1.0.1/skills/source_505/automation-and-scheduling/SKILL.md	17302	85db56537111b592e0dee4d2a32820a0e5809d59fe18e953a8b7fe9da68f19f0
segments/sell/dealos/implementation/DealOS_v1.0.1/skills/source_505/autonomous-capitalist/SKILL.md	13016	43332264b58cb00ad4618e27207499c7dd712641a27e0d7733dbec872d888f4b
segments/sell/dealos/implementation/DealOS_v1.0.1/skills/source_505/b2b-lead-intelligence-generator/SKILL.md	7096	2ff83d83bfcf446698c91caa3b5fa233bcb166957bcbea32528d3475393f0e7c
segments/sell/dealos/implementation/DealOS_v1.0.1/skills/source_505/b2b-personalized-outreach/SKILL.md	3550	4ba6bd04d436291e83d043c9508098bb9fa879cbb6d91e8ac88b411d1f7defff
segments/sell/dealos/implementation/DealOS_v1.0.1/skills/source_505/bob-agentic-sdlc-mode-designer/SKILL.md	4036	9d5383d4f9662ce60fb0f41586b67ab6140d12b24535084bce0021e293aa3c3e
segments/sell/dealos/implementation/DealOS_v1.0.1/skills/source_505/bob-executive-competitive-deck-builder/SKILL.md	8994	f2cbe16242f7f095d1b26dfd9c98ac135e2e455449dd39549604427ebfdd231a
segments/sell/dealos/implementation/DealOS_v1.0.1/skills/source_505/bob-for-z/SKILL.md	6826	ba009ddb35f22ca9830e630d4ef61b50eb30c7b3d0ad997acb487003f8b1af7d
segments/sell/dealos/implementation/DealOS_v1.0.1/skills/source_505/bob-for-z-builder/SKILL.md	19074	47309a4e74d82c62febb783edecedaf4c9862368f07806dd7b1debd7e51a7ece
segments/sell/dealos/implementation/DealOS_v1.0.1/skills/source_505/bob-for-z-mentor/SKILL.md	20681	f81f5720b581d95c57badda436587a0fb1dd6d2111399de4d15db800123a9f4b
segments/sell/dealos/implementation/DealOS_v1.0.1/skills/source_505/boblore/SKILL.md	3559	d47ca178fc775e9c0d4cd18a9e9020258ed01aafc58fe22b39c7e11e0a17f808
segments/sell/dealos/implementation/DealOS_v1.0.1/skills/source_505/book-to-film-adaptation/SKILL.md	9931	0797285aac1043d268b2233722a9a05e4a01a6abe1778cba496a61a1fcb452d4
segments/sell/dealos/implementation/DealOS_v1.0.1/skills/source_505/boomer-business-buyout-engine/SKILL.md	3788	e146952b6725d94aa85e4699f55bde1a7fd1a91e9b714802279ff5c122db8537
segments/sell/dealos/implementation/DealOS_v1.0.1/skills/source_505/builtin-llm-models/SKILL.md	14375	2d558bc878127e407f4738b05abd5dfdc446fa11b238cd82131bb522abdd22ae
segments/sell/dealos/implementation/DealOS_v1.0.1/skills/source_505/celebrity-brand-strategist/SKILL.md	5640	e22a80605f0d0ef6cdac4c5b1772dac8eeb335a07bba123df582cbd14be5c66a
segments/sell/dealos/implementation/DealOS_v1.0.1/skills/source_505/contagious-framework/SKILL.md	7464	dfaca888bf0f2cd251a532f8d23bdff60fefc5b95cda42ace7b7013feca1dbb3
segments/sell/dealos/implementation/DealOS_v1.0.1/skills/source_505/cultural-website-rebuilder/SKILL.md	9862	e383ffe204edde669a4eed26d357e4d0fab11fc00369acb3e4dc50c21a78b7b7
segments/sell/dealos/implementation/DealOS_v1.0.1/skills/source_505/curriculum-architect/SKILL.md	4555	c1bb7ae31a89695d1854bc76595a160e38a13f7ffb4f92aee3dee2a1d6088ccb
segments/sell/dealos/implementation/DealOS_v1.0.1/skills/source_505/customers-win-suppliers-win-strategist/SKILL.md	3556	e986770fa489dac4f2716d7619b0a0842f451fcbf246e119dd17c2ea97dc0c27
segments/sell/dealos/implementation/DealOS_v1.0.1/skills/source_505/dark-pattern-designer/SKILL.md	3590	194b6dbf484609c1a83688c6ed992606bcebe07ea652cb018c1305be24f6b936
segments/sell/dealos/implementation/DealOS_v1.0.1/skills/source_505/demand-architect/SKILL.md	4930	b5748f04d1fbfbd964038858830ad856869309c296b4bd10317076f31f1b6cce
segments/sell/dealos/implementation/DealOS_v1.0.1/skills/source_505/demo-guide-architect/SKILL.md	4331	fd4c0476c104fd73fe8f58a3f44f43ce87873dbbbd804611b65ba982e6b45ddb
segments/sell/dealos/implementation/DealOS_v1.0.1/skills/source_505/design-motion-principles/SKILL.md	6794	d98684807aa84056a5ebd967232fc05a2ae47532b3f22f3411ca46179bcb656f
segments/sell/dealos/implementation/DealOS_v1.0.1/skills/source_505/destructive-command-guard/SKILL.md	4646	15a5cc70676413bb29f9f6f415b535c5e34d6472c66a700fd8ab8e27b8dbfb68
segments/sell/dealos/implementation/DealOS_v1.0.1/skills/source_505/doordash-constraint-framework/SKILL.md	4043	fee3133874b17e438e6522d09a140531ed93b60d40cd5db000cd0cfadcaced64
segments/sell/dealos/implementation/DealOS_v1.0.1/skills/source_505/enterprise-architect/SKILL.md	4613	ed915ed4208a881abe6b89c1dd0353e11af347d71cc6a7eccbcda6b0a96ec23a
segments/sell/dealos/implementation/DealOS_v1.0.1/skills/source_505/enterprise-sales-pearl-gatherer/SKILL.md	4863	be141f45264a898532ef65f4479c01312584cb677572b9d3f670a58443fa60d2
segments/sell/dealos/implementation/DealOS_v1.0.1/skills/source_505/enterprise-sales-playbook/SKILL.md	7424	6da1416e5d67d83a8c1caf5ae0991cd3ff6abff162de26cd93ea3468bdfaccf4
segments/sell/dealos/implementation/DealOS_v1.0.1/skills/source_505/excel-to-bob-chunks/SKILL.md	2689	479b4d8ccc69a4095d1b02514f1e525a17cb4fb191cb7155c72e8983cb3ffe96
segments/sell/dealos/implementation/DealOS_v1.0.1/skills/source_505/feature-film-production/SKILL.md	10335	b56e18976d5248e70c01da45c2b711e8db5fea4bd7575486ffc728567cf7410b
segments/sell/dealos/implementation/DealOS_v1.0.1/skills/source_505/full-stack-app-developer/SKILL.md	4520	acc655762ab40400eeeb30726ac30f6529ec6fa6c971f1e22316f633c46f4bdb
segments/sell/dealos/implementation/DealOS_v1.0.1/skills/source_505/game-dev/SKILL.md	6190	e39c9d572788a0b931aa892504a499263834aa22301505d5abd471844703e930
segments/sell/dealos/implementation/DealOS_v1.0.1/skills/source_505/gov-contract-broker/SKILL.md	5642	70adc98b1a8a7fbeb1229ba3fc4df4057e8fda8a0911e6e0706987be4ff868d7
segments/sell/dealos/implementation/DealOS_v1.0.1/skills/source_505/greenlight/SKILL.md	4135	586098523b616e6b8195e3158aa5cdebf8b100ebaa305f8ad150c4abbd2d6453
segments/sell/dealos/implementation/DealOS_v1.0.1/skills/source_505/gws-best-practices/SKILL.md	5295	3d294f7be18b4cae42d79a8ffccfe0cd65044af8732d0c867af79e5ebd0332de
segments/sell/dealos/implementation/DealOS_v1.0.1/skills/source_505/hazard-insurance-comparer/SKILL.md	5165	e22e9ff4ae4a8f9c409994bd81df7294071ec03bc8705f093ddc45f283b88ab6
segments/sell/dealos/implementation/DealOS_v1.0.1/skills/source_505/ibm-ado-001/SKILL.md	13575	9d5e98cb81dca330cc5221552c51c0103fe57d4bea796b3fa9ed3fbb53f03f5e
segments/sell/dealos/implementation/DealOS_v1.0.1/skills/source_505/ibm-ado-002/SKILL.md	13580	f2680a86252553bd203077e0daf5aaf257eea405d28610a300d3c3000e0ca693
segments/sell/dealos/implementation/DealOS_v1.0.1/skills/source_505/ibm-ado-csm-001/SKILL.md	13603	eb27bcc5782d61dae6baf3cc2f1c3b93673569c2fd02407f100931a7cbd0ee55
segments/sell/dealos/implementation/DealOS_v1.0.1/skills/source_505/ibm-ado-csm-002/SKILL.md	13643	04be17058e55b2a993be0f7eef06d86b1c39a69e404796fc108bcd5780fee1f7
segments/sell/dealos/implementation/DealOS_v1.0.1/skills/source_505/ibm-ado-csm-003/SKILL.md	13588	4fa885c024c96e6ecdc84dd409f89cae37ffcb78aafc0afa0d041666090836f7
segments/sell/dealos/implementation/DealOS_v1.0.1/skills/source_505/ibm-ado-csm-004/SKILL.md	13627	792d47c941e849985e1f237f74c0fa1647609541f131b8ff5df1c2390c1c99b8
segments/sell/dealos/implementation/DealOS_v1.0.1/skills/source_505/ibm-aes-line-function-presenter/SKILL.md	9348	81106396b360c82bc4d3bd619b8d06b5d17915323fe73b6b47aeae9b0685901c
segments/sell/dealos/implementation/DealOS_v1.0.1/skills/source_505/ibm-atl-001/SKILL.md	13749	0a5e677dcb504647610401c0a4cb4836d18af108fa02dea2656d8f19beaf260d
segments/sell/dealos/implementation/DealOS_v1.0.1/skills/source_505/ibm-atl-002/SKILL.md	13794	864af9397ee31f4ba4aaad4ebb155725eb57c00085df9747de7afbef5344f55e
segments/sell/dealos/implementation/DealOS_v1.0.1/skills/source_505/ibm-atl-003/SKILL.md	13759	c1c2ea47688d3414d44f506b1763609b17b5b99ec9fc0fd9f3ce212d481a92ab
segments/sell/dealos/implementation/DealOS_v1.0.1/skills/source_505/ibm-atl-004/SKILL.md	13799	d6d004ffd5b092b4f2d4fbf3e118a47ff447f18cacadbdf2b73c199bd21724b1
segments/sell/dealos/implementation/DealOS_v1.0.1/skills/source_505/ibm-atl-005/SKILL.md	13759	76479cb3b3b4aa740b94384083161f1885d04e5c13c2764c15bf6548ec7f7462
segments/sell/dealos/implementation/DealOS_v1.0.1/skills/source_505/ibm-atl-006/SKILL.md	13759	a82f50995a90d0ef0c339761835b3735bd55307acb1607f5a92ac53b29ace5cd
segments/sell/dealos/implementation/DealOS_v1.0.1/skills/source_505/ibm-atl-007/SKILL.md	13784	1d51f3e5ce134f4dbdc0c689796906cc9a4c004f551f526cb1f84900cc6b0a04
segments/sell/dealos/implementation/DealOS_v1.0.1/skills/source_505/ibm-atl-008/SKILL.md	13819	c75ab36c57af96bf2bfebdacb49260ca772ef0b486d9e7065e10d29f42bf3cab
segments/sell/dealos/implementation/DealOS_v1.0.1/skills/source_505/ibm-atl-009/SKILL.md	13769	1bf0ecc9f5eee1eb38eb86d608d7a8c68522323f80f6e248036d5ae895566c7f
segments/sell/dealos/implementation/DealOS_v1.0.1/skills/source_505/ibm-atl-010/SKILL.md	13804	687d118c83a6eb14cb8862402f40752583ec4a97af53d0a8c28985276e122c97
segments/sell/dealos/implementation/DealOS_v1.0.1/skills/source_505/ibm-bob-demo-generator/SKILL.md	12955	d50f2127d9270eaaaf909bf26d1922f848cf4e40ae3eee37c2c37e8bf2833a1b
segments/sell/dealos/implementation/DealOS_v1.0.1/skills/source_505/ibm-bob-ibmi-office-hours/SKILL.md	9828	694749a2d72ffb96b11af0dd5b6e1a44ad7df39d7a244e175ade0cd0e9bfffef
segments/sell/dealos/implementation/DealOS_v1.0.1/skills/source_505/ibm-bob-lead-intelligence/SKILL.md	4119	b69ad336e2011d30ce6c5523852ae179b2e4805d339820f0c075f96797267602
segments/sell/dealos/implementation/DealOS_v1.0.1/skills/source_505/ibm-bob-modernization-sprint-agent/SKILL.md	8551	260bcc32367718a2733068fe7a666840c21ffa1dd90119d31987621ba0b596e8
segments/sell/dealos/implementation/DealOS_v1.0.1/skills/source_505/ibm-bob-production-readiness-agent/SKILL.md	8551	2acfc0486ef2d0462cb488e1b9769a28cf5f607cd58e3a36fd4c25f401ee1cd6
segments/sell/dealos/implementation/DealOS_v1.0.1/skills/source_505/ibm-bob-requirements-orchestrator/SKILL.md	5953	65da8c6b8805190c87c83098c15f2c225f435bc1f64e36868faba58b1b578357
segments/sell/dealos/implementation/DealOS_v1.0.1/skills/source_505/ibm-bob-skills-implementation/SKILL.md	6656	813dee518974a1305043b25008a195b6376e8949ddf295e461adb2644c41fb4c
segments/sell/dealos/implementation/DealOS_v1.0.1/skills/source_505/ibm-bob-whiteboard-onepager/SKILL.md	9410	65b672c273e9bf1e9b5f9ea92272deb84256a1637f685e419ae365f2863f43e0
segments/sell/dealos/implementation/DealOS_v1.0.1/skills/source_505/ibm-bob-whiteboard-storyboard/SKILL.md	8549	e9ac5d20bb00f62330187fec482edb9dafb5c248a879a7069ee092adc94042f9
segments/sell/dealos/implementation/DealOS_v1.0.1/skills/source_505/ibm-capability-mode/SKILL.md	5430	0ac41eea79316d5156a9a5dc72befac771897f269a9ad3f0d1d2a10ca1309e7d
segments/sell/dealos/implementation/DealOS_v1.0.1/skills/source_505/ibm-chief-of-staff/SKILL.md	4846	4a8dc7fb6ce0637f51369a157831f498140b1aadf9e8e1d2dd4ee6b5f71f75f4
segments/sell/dealos/implementation/DealOS_v1.0.1/skills/source_505/ibm-clo-001/SKILL.md	13480	7421b3ca555086c60ccc77e417962af46937cf0c06195b9f1e76aa91637e0f92
segments/sell/dealos/implementation/DealOS_v1.0.1/skills/source_505/ibm-clo-002/SKILL.md	13540	606216de0855d2072f604d616a814c402798c6f5a36b56660cb809ff68fde12e
segments/sell/dealos/implementation/DealOS_v1.0.1/skills/source_505/ibm-clo-003/SKILL.md	13555	b33e8cb99f7434aa7a4bb9baf46650bd0819d12edac311cb735ee4d17db57e5f
segments/sell/dealos/implementation/DealOS_v1.0.1/skills/source_505/ibm-cloud-operations-agent/SKILL.md	8241	36284c496eafd4eb11904599a3eb6f6e417103970e1f57472dd2126974601091
segments/sell/dealos/implementation/DealOS_v1.0.1/skills/source_505/ibm-dep-001/SKILL.md	13672	eb14c5a52f5468f918c0cf8acdd87738e4cbcf68f7e022f920f0ae2734363029
segments/sell/dealos/implementation/DealOS_v1.0.1/skills/source_505/ibm-dep-002/SKILL.md	13682	257ec3d6075d256c19cde88ad6da9ca5c9fca036076d794676f00d1a892d009b
segments/sell/dealos/implementation/DealOS_v1.0.1/skills/source_505/ibm-dep-csm-001/SKILL.md	13663	762d2ef38a08b36e6b605da1eab382457eec53fea828959da80405665f6dbfa9
segments/sell/dealos/implementation/DealOS_v1.0.1/skills/source_505/ibm-dep-csm-002/SKILL.md	13673	1b2a521d63654dfeb48a685bb9e75e995c01585065e29c8ab6a4f0ec07bad43a
segments/sell/dealos/implementation/DealOS_v1.0.1/skills/source_505/ibm-dep-sa-001/SKILL.md	13646	15e188607a34fae96dfe2e15fdbcf391bb1179a963c574d7b006d62b23712759
segments/sell/dealos/implementation/DealOS_v1.0.1/skills/source_505/ibm-dep-sa-002/SKILL.md	13636	732cfdf5eb2548089868c6273a4de509dcf26133f01a5c725a4743ecbb2713a5
segments/sell/dealos/implementation/DealOS_v1.0.1/skills/source_505/ibm-des-001/SKILL.md	13763	6069f66f0b44833dd19757ec6d54ce9a541b0881f2ca9d850b4e3397fa499ec9
segments/sell/dealos/implementation/DealOS_v1.0.1/skills/source_505/ibm-des-002/SKILL.md	13778	9d61cba9c6fb5e716c128146afd3aa4062274ca527b08994a6fd38c3bb3cc0f4
segments/sell/dealos/implementation/DealOS_v1.0.1/skills/source_505/ibm-des-003/SKILL.md	13793	a3e45d89f1b4fcbdc561e7aeb811506c736dd1ccf46d2eaefa721035242b8473
segments/sell/dealos/implementation/DealOS_v1.0.1/skills/source_505/ibm-des-004/SKILL.md	13821	2e84a9d2e5115933b435cbb466682d2314e16f64bb7c1cb132cffa1e7c08d70d
segments/sell/dealos/implementation/DealOS_v1.0.1/skills/source_505/ibm-des-005/SKILL.md	13832	a1e0ebf5e7b9293a7a63654e395a37036f1833d60033b388021599aa9f31be2b
segments/sell/dealos/implementation/DealOS_v1.0.1/skills/source_505/ibm-des-006/SKILL.md	13718	92476bd580b714ed215ab2e8a976e88a3c82a997973f4bee1b156cffff41bbfa
segments/sell/dealos/implementation/DealOS_v1.0.1/skills/source_505/ibm-des-007/SKILL.md	13773	0a55dcb06fa191dcac10b9264182ab37953a7e58c7759bf11c3c18c5c6cd157a
segments/sell/dealos/implementation/DealOS_v1.0.1/skills/source_505/ibm-des-009/SKILL.md	13713	c51b02ee85b2f12568f7db685b884b4c9eb1bca48906ec063410752ad475db41
segments/sell/dealos/implementation/DealOS_v1.0.1/skills/source_505/ibm-des-010/SKILL.md	13733	ec45424c1d3d7ce75484eec16e93d0c56dd8a7b197f0375d80c0b43387d8fbc2
segments/sell/dealos/implementation/DealOS_v1.0.1/skills/source_505/ibm-des-apm-001/SKILL.md	13785	f80ce202c5125aabbbc6293a42ffe8bf286420a5f218ba2c6b7bf99ef52ddb9b
segments/sell/dealos/implementation/DealOS_v1.0.1/skills/source_505/ibm-des-atl-001/SKILL.md	13874	7800b40d01998420c391b5dd77848bb9b081babdc39ddedbdd800be4f5476510
segments/sell/dealos/implementation/DealOS_v1.0.1/skills/source_505/ibm-des-atl-002/SKILL.md	13790	c20fe303265ccf83ce9af4ac30b20f4e555432e98959ef42a7d45b092f2c897b
segments/sell/dealos/implementation/DealOS_v1.0.1/skills/source_505/ibm-des-bts-001/SKILL.md	13772	28ceeaaa7abbbe871ed94ace1e4d8f7ef88e4332e883b66782c1119ad1d02684
segments/sell/dealos/implementation/DealOS_v1.0.1/skills/source_505/ibm-des-cp-001/SKILL.md	13797	8da581851814d46d695399fe9c1b03d598fed507595a784c0716571753997088
segments/sell/dealos/implementation/DealOS_v1.0.1/skills/source_505/ibm-des-csm-001/SKILL.md	13727	c8416fe89f8b53f52ce4100a09752304ec3e42722f954118d6aeaaff70ff6dc2
segments/sell/dealos/implementation/DealOS_v1.0.1/skills/source_505/ibm-des-iss-001/SKILL.md	13820	ab948ee8e6fb63780aab959bdaa42829314f5f10121abf230772b2d19ea1ddf9
segments/sell/dealos/implementation/DealOS_v1.0.1/skills/source_505/ibm-des-pri-001/SKILL.md	13747	f578dda06822295e7f81f6d7711a402f0592e6dc177a6e51e28edb5e7c9cf175
segments/sell/dealos/implementation/DealOS_v1.0.1/skills/source_505/ibm-des-sa-001/SKILL.md	13760	2282c280045d947f9f1c446be95bc9b2d5a449906c0ec06395baf675186a6378
segments/sell/dealos/implementation/DealOS_v1.0.1/skills/source_505/ibm-des-sa-002/SKILL.md	13760	1edfc072f6660177b15e533db7fd503cf76a4f191cb004fe1551104cb4d08f3c
segments/sell/dealos/implementation/DealOS_v1.0.1/skills/source_505/ibm-des-sa-003/SKILL.md	13730	a0c1d318f03e44c817732c5129a12bab901e38192fcbbd1396162d5445891c6b
segments/sell/dealos/implementation/DealOS_v1.0.1/skills/source_505/ibm-des-seng-001/SKILL.md	13729	463ee55dc41d781209fc202d82ab8aae1fc77dd963d2a4a3178e63f703081bf3
segments/sell/dealos/implementation/DealOS_v1.0.1/skills/source_505/ibm-des-seng-002/SKILL.md	13712	83f6467c36c93596bde258251f34aef38d3e22e5c44592df847d3252a6d2afd4
segments/sell/dealos/implementation/DealOS_v1.0.1/skills/source_505/ibm-des-tss-001/SKILL.md	13765	faa97dabfea6d95f84fd1a8f79c1b084e33df62fea27d704a4cea9a06958f85d
segments/sell/dealos/implementation/DealOS_v1.0.1/skills/source_505/ibm-des-tss-002/SKILL.md	13781	3d2aaf4d927ee42e738c09178aea5a0a6b2023e6d7051acc03a701d2ce278e6b
segments/sell/dealos/implementation/DealOS_v1.0.1/skills/source_505/ibm-eng-002/SKILL.md	13489	567af04f3f29277a5e95a46452efffbcd7c9a72868f4ab8edf6bf19ab143d030
segments/sell/dealos/implementation/DealOS_v1.0.1/skills/source_505/ibm-eng-003/SKILL.md	13469	f342891e89c4c2e6f91bdfdfb8ed06a6af75e5395503a563ece709ee598f870d
segments/sell/dealos/implementation/DealOS_v1.0.1/skills/source_505/ibm-eng-005/SKILL.md	13509	9803320b078cdcbfb16fa233a81d1900dcc516432a8d08738ebbd11d74173ea9
segments/sell/dealos/implementation/DealOS_v1.0.1/skills/source_505/ibm-eng-006/SKILL.md	13499	7f56700be3ccd2810fb179c7aeae006b59f721e145cebcd903b923b2b94184f9
segments/sell/dealos/implementation/DealOS_v1.0.1/skills/source_505/ibm-eng-007/SKILL.md	13558	80b119b60c992dac7f6dc43bef7dbbff4068ac8249bbfa4a6490b5da04f1c53a
segments/sell/dealos/implementation/DealOS_v1.0.1/skills/source_505/ibm-eng-008/SKILL.md	13484	4d0831822c532d92eb43a94b9d0924c5baea76409cd0a75e9c8927b0ae94a435
segments/sell/dealos/implementation/DealOS_v1.0.1/skills/source_505/ibm-eng-010/SKILL.md	13464	e8a021a2da831f2fd1180f4479f89a2d1b8aeb96a935736e344a9efb725d65fd
segments/sell/dealos/implementation/DealOS_v1.0.1/skills/source_505/ibm-eng-apm-001/SKILL.md	13524	5ae97299d60a63be9d12a0002591fb7a0302f75300b8c63e4011ea4dda1217b2
segments/sell/dealos/implementation/DealOS_v1.0.1/skills/source_505/ibm-eng-atl-001/SKILL.md	13569	654585334af3e5c5fa01ec6973472fe43021b72193a19bbcb93a7e8113d7af6a
segments/sell/dealos/implementation/DealOS_v1.0.1/skills/source_505/ibm-eng-csm-001/SKILL.md	13526	9bf823220a528cacbf40f33a34bc030c831a183c4402c0d35097486e0df7c642
segments/sell/dealos/implementation/DealOS_v1.0.1/skills/source_505/ibm-eng-iss-001/SKILL.md	13549	2f0df10430ea1f7274f5837b1de9486fe7f1cc8fc8d7619a4ecc11295561e35c
segments/sell/dealos/implementation/DealOS_v1.0.1/skills/source_505/ibm-eng-sdr-001/SKILL.md	13558	21a97c2ecb3753f46597ce0280e53a0a73fb835ca2bbd0c3435cda08a9f189d6
segments/sell/dealos/implementation/DealOS_v1.0.1/skills/source_505/ibm-eng-sdr-002/SKILL.md	13609	694e70cc6e00d963005e27c93ed57ec38ef5a81c6d5ae6b84f303e765dd4b484
segments/sell/dealos/implementation/DealOS_v1.0.1/skills/source_505/ibm-eng-sdr-003/SKILL.md	13548	62b79b2cbac639373d0bb424237fbd711975d63158c12256c4e4e139e8750abc
segments/sell/dealos/implementation/DealOS_v1.0.1/skills/source_505/ibm-eng-sdr-004/SKILL.md	13538	8f86ae27786ead639c4cf341b4acbac08aba6d85016d5f3b468ce5db9898f57f
segments/sell/dealos/implementation/DealOS_v1.0.1/skills/source_505/ibm-eng-sdr-005/SKILL.md	13538	18a813c88f91c3827ab887c67dd567273d74f5a2cdcfb2c395a616a24f1ea9f0
segments/sell/dealos/implementation/DealOS_v1.0.1/skills/source_505/ibm-eng-sdr-006/SKILL.md	13548	dc0d486f63bb6b10a48d8d99f139c411b1d2e61ff76b74142bdb42471f0cbb60
segments/sell/dealos/implementation/DealOS_v1.0.1/skills/source_505/ibm-exp-001/SKILL.md	13565	37f75289f29358d02940982c31b3951309d0964d305d07dc92a19f182325b0ba
segments/sell/dealos/implementation/DealOS_v1.0.1/skills/source_505/ibm-exp-002/SKILL.md	13555	e622f19a58dcbdf637b5e39e596a432f3bfc70008b83664e97b056ea9fab1513
segments/sell/dealos/implementation/DealOS_v1.0.1/skills/source_505/ibm-exp-csm-002/SKILL.md	13609	d95e3a96ad7535023ae415e1ea10c2ed0b72ab122bdbcffc4e2c8907714086e6
segments/sell/dealos/implementation/DealOS_v1.0.1/skills/source_505/ibm-exp-csm-003/SKILL.md	13615	d0fd247f551a504d6123eca8e42017081b7c090fcb67647ab401e328e2aa7d5b
segments/sell/dealos/implementation/DealOS_v1.0.1/skills/source_505/ibm-exp-tss-001/SKILL.md	13609	769fe71c37e093882f4bfa164ecf0bd2c42a55e36a9c9e693abdd4fd0f328a10
segments/sell/dealos/implementation/DealOS_v1.0.1/skills/source_505/ibm-exp-tss-002/SKILL.md	13623	8ab2c8df1fd72f36a540a4c8f8dbecd21906aae9793b5a00c9dea3fadab46720
segments/sell/dealos/implementation/DealOS_v1.0.1/skills/source_505/ibm-fde/SKILL.md	62158	c75bb5a633c3bdc2ef7c2cf48d77eaa13cef50c52743f9b2f1c432e6664edb03
segments/sell/dealos/implementation/DealOS_v1.0.1/skills/source_505/ibm-fw-001/SKILL.md	13673	d2ff4aeea623086b3e1a25729f70dedff6c72b7d8af98565c7673acc842f2181
segments/sell/dealos/implementation/DealOS_v1.0.1/skills/source_505/ibm-fw-002/SKILL.md	13677	84c9b29f25423423b98115da22dfc08835fa55938e8ddf0881708437ea1f251b
segments/sell/dealos/implementation/DealOS_v1.0.1/skills/source_505/ibm-fw-003/SKILL.md	13650	6c6e1e85a9a3bc51036c6053582d435c357729ce8c10b5e8c1fa9826321ce482
segments/sell/dealos/implementation/DealOS_v1.0.1/skills/source_505/ibm-fw-004/SKILL.md	13640	d5b68abe027672b5c0afcc4f0d96b29959e632186ab3b2e6761745396152dcc2
segments/sell/dealos/implementation/DealOS_v1.0.1/skills/source_505/ibm-fw-005/SKILL.md	13585	d1ea96149b0e35e178a395f8ffbcd6b6bab7f9d8b905c8f9c80a6a9c61d7528f
segments/sell/dealos/implementation/DealOS_v1.0.1/skills/source_505/ibm-i/SKILL.md	7229	2132b744cf6877eae697a74f7512a2d556aa3d20f54d0d7d3753dad52ee7e52e
segments/sell/dealos/implementation/DealOS_v1.0.1/skills/source_505/ibm-i-builder/SKILL.md	20509	b3ddd4431af3abfa4a64a0f869a16b15bde2f1e9918cadf9794ac91cabecc3b1
segments/sell/dealos/implementation/DealOS_v1.0.1/skills/source_505/ibm-i-mentor/SKILL.md	18632	397dd4f280f9c910bbf01d5ee49d6c9070a7cd35c33f228c728f1ca5ca5e0723
segments/sell/dealos/implementation/DealOS_v1.0.1/skills/source_505/ibm-i-sql-operations-agent/SKILL.md	8219	a57bb37c90abca31083e12893048bc0c833563a29cfe7eb6ff0b9e473730eba0
segments/sell/dealos/implementation/DealOS_v1.0.1/skills/source_505/ibm-met-001/SKILL.md	13683	2b186a967213d4cf323ff318a8177807e1dad0eccc7fe38623b973627f021fc3
segments/sell/dealos/implementation/DealOS_v1.0.1/skills/source_505/ibm-met-002/SKILL.md	13698	491b8095ee1618165f536132ee6f5baf7e1e6e4841746abb0c93b2ccc38425b3
segments/sell/dealos/implementation/DealOS_v1.0.1/skills/source_505/ibm-met-003/SKILL.md	13658	b15ebe3fe641e35c2011428282fe5b4c23bb966aa1abd2658fa01967f05fa09a
segments/sell/dealos/implementation/DealOS_v1.0.1/skills/source_505/ibm-met-005/SKILL.md	13703	7035d2bce9aa29996f3255d62c3042fb2bca9d2e8b5d3e6bcbb4557a129e01a2
segments/sell/dealos/implementation/DealOS_v1.0.1/skills/source_505/ibm-met-006/SKILL.md	13708	b9460d273c5a063a1beb8da95f66dda78dbd1be7e06c3642f479f5a7013dac0a
segments/sell/dealos/implementation/DealOS_v1.0.1/skills/source_505/ibm-met-007/SKILL.md	13693	88980bc67477e29ec700676fda2419d3a8d806f9819a76efaced50b5213bfd97
segments/sell/dealos/implementation/DealOS_v1.0.1/skills/source_505/ibm-met-008/SKILL.md	13703	4dab79d7b4b4e7a69441d08d212016e15046d6747e01faa61cea92656a61b1fe
segments/sell/dealos/implementation/DealOS_v1.0.1/skills/source_505/ibm-met-009/SKILL.md	13693	cc7a11b086deae14ab77eb638637267a78787503dbbe3a5607f77d376682820a
segments/sell/dealos/implementation/DealOS_v1.0.1/skills/source_505/ibm-met-010/SKILL.md	13769	560ea02fd4eb2fae3f0c0399a04e0a49b517d73cc89f6a49d119c8096bb2343f
segments/sell/dealos/implementation/DealOS_v1.0.1/skills/source_505/ibm-met-csm-001/SKILL.md	13713	d2071760e2b1c890baf5c7b0ad3cf3aba9819212abbe05461ce10519cd15cfa1
segments/sell/dealos/implementation/DealOS_v1.0.1/skills/source_505/ibm-met-se-001/SKILL.md	13694	a8db182de42357eb2d92a21d02906dc896a972facd8928eacff6ab35ab073fc7
segments/sell/dealos/implementation/DealOS_v1.0.1/skills/source_505/ibm-met-se-002/SKILL.md	13699	b1d2e0d3bbd5ef6eaad29523540a7200755e2751b64a233c60c72dff9791b86a
segments/sell/dealos/implementation/DealOS_v1.0.1/skills/source_505/ibm-met-sm-001/SKILL.md	13686	42a738a9efe1a0497b0d4709ae2306f2d6ffd23f22e292a9d7668baf3c082d2d
segments/sell/dealos/implementation/DealOS_v1.0.1/skills/source_505/ibm-met-sm-002/SKILL.md	13691	d5b08300d1b969a47d6c534c33867800e285a32d3be06f3162cd2359723c349f
segments/sell/dealos/implementation/DealOS_v1.0.1/skills/source_505/ibm-met-sm-003/SKILL.md	13696	565c26f5c190d6b2fa3e6eaf71eb543e08583241bc1ab7030c67fedd7b825c49
segments/sell/dealos/implementation/DealOS_v1.0.1/skills/source_505/ibm-met-sm-004/SKILL.md	13706	eac39d3d7bf956e7dc0f59b1aa9241cb03d31ada4585421a6cee694f4f053386
segments/sell/dealos/implementation/DealOS_v1.0.1/skills/source_505/ibm-met-sm-005/SKILL.md	13701	07b58b5600396690496622334d51d49db0374d8610381b7661a3114279afcb1b
segments/sell/dealos/implementation/DealOS_v1.0.1/skills/source_505/ibm-met-sm-006/SKILL.md	13676	e3843e742477be16ec8983388258f5a53ce6c7f3a6bee847feddc5ce688ba61c
segments/sell/dealos/implementation/DealOS_v1.0.1/skills/source_505/ibm-met-sm-007/SKILL.md	13671	67b0a73def4fce7b4af053c97435087028937f2dcd35904ba31b7b3b44ef5672
segments/sell/dealos/implementation/DealOS_v1.0.1/skills/source_505/ibm-met-sm-008/SKILL.md	13706	628e0367618fabbef13e4b561d6b840f5682175a6c2a771c618ad8c5f061899c
segments/sell/dealos/implementation/DealOS_v1.0.1/skills/source_505/ibm-met-sm-009/SKILL.md	13691	56d23d9558d5c0b6b006357bd5a51030f48e6c93278e66e65d0c8f957455fbdb
segments/sell/dealos/implementation/DealOS_v1.0.1/skills/source_505/ibm-met-sm-010/SKILL.md	13711	9bc058678d4571684b4bb22518c4268e921008be250cb7ad8769d80405eaebdd
segments/sell/dealos/implementation/DealOS_v1.0.1/skills/source_505/ibm-met-so-001/SKILL.md	13671	c2c4c801d673e68bd9840f019b3fc300747345f0b70e52f51ed806da3efa6375
segments/sell/dealos/implementation/DealOS_v1.0.1/skills/source_505/ibm-met-so-002/SKILL.md	13691	49b8c5a2f2c7839664e3c8250081587b7625b0614346f6aa02852ae6b81e88c4
segments/sell/dealos/implementation/DealOS_v1.0.1/skills/source_505/ibm-met-tsl-001/SKILL.md	13709	d0c1daff427a65d426ed0a5b7a3e15ec77698038882f1c121353470679b0a5fd
segments/sell/dealos/implementation/DealOS_v1.0.1/skills/source_505/ibm-met-tsl-003/SKILL.md	13679	6be8a820754bfe4775849867a2e476b8706d68c96de036709510b46ffeab9eb9
segments/sell/dealos/implementation/DealOS_v1.0.1/skills/source_505/ibm-met-tsl-004/SKILL.md	13709	a7f70e468950424231bc19aeac80cf6a5dcc6bbdb7385d3f86d89d3098810f92
segments/sell/dealos/implementation/DealOS_v1.0.1/skills/source_505/ibm-met-tsl-005/SKILL.md	13689	6a6d638daa8a0a0e3cb09de69b3af70e3e2e495d1d16a8450216ee5608b48505
segments/sell/dealos/implementation/DealOS_v1.0.1/skills/source_505/ibm-modes-to-skills/SKILL.md	5741	5e2c20cc417018b5d000b3978daf197c6a11c7ab2b006f6d0ab88d7c3d85d241
segments/sell/dealos/implementation/DealOS_v1.0.1/skills/source_505/ibm-neg-001/SKILL.md	13673	74df38bc1b78b9d799a73d79c7a67ab264c44fed07d8ab10bb3991b38d837a1b
segments/sell/dealos/implementation/DealOS_v1.0.1/skills/source_505/ibm-neg-002/SKILL.md	13728	9204104e5d561bee0c389a587c8d5662e039e831f5c99c068b80df78e4731867
segments/sell/dealos/implementation/DealOS_v1.0.1/skills/source_505/ibm-neg-003/SKILL.md	13688	24929b7e6dc6e9f11dcb3d3feaef095bce5df96fdd112e36df6f11c594df4a16
segments/sell/dealos/implementation/DealOS_v1.0.1/skills/source_505/ibm-neg-004/SKILL.md	13713	ba63a9da1c4a8a35f271d9afa310f191e35386802f9482e8f863919077ba640d
segments/sell/dealos/implementation/DealOS_v1.0.1/skills/source_505/ibm-neg-005/SKILL.md	13733	2e933e427acc50b266a197ff7510bc724b5606bf660644274a07a5896257271d
segments/sell/dealos/implementation/DealOS_v1.0.1/skills/source_505/ibm-neg-006/SKILL.md	13743	d0febef9e81b8670da0e845e5d198f7c52895bb272387ff9633b18080073778f
segments/sell/dealos/implementation/DealOS_v1.0.1/skills/source_505/ibm-neg-csm-001/SKILL.md	13760	d3a908d78611cde7802d3bb435f659c973aa90d9890fce69286b7588b7edaf9f
segments/sell/dealos/implementation/DealOS_v1.0.1/skills/source_505/ibm-neg-tss-001/SKILL.md	13764	9c0788e0fa7980fadf4638ec00c0b28de0e46755f7abc8f3556a44d36635c151
segments/sell/dealos/implementation/DealOS_v1.0.1/skills/source_505/ibm-onepager-creator/SKILL.md	7506	b03c2ec3a536905e516109aed7548c7ff31fdda53b11263b187f462b882b36b7
segments/sell/dealos/implementation/DealOS_v1.0.1/skills/source_505/ibm-patent-architect/SKILL.md	6340	c09151b879e88122562b2b7f514abe5d7aee4e9586d12c6b9c8965720ae604d4
segments/sell/dealos/implementation/DealOS_v1.0.1/skills/source_505/ibm-ppt-designer/SKILL.md	5626	a51fca8ba77784fa17b94ffe34e3265a2a1e45b2572d3325222a7e13dd4828f4
segments/sell/dealos/implementation/DealOS_v1.0.1/skills/source_505/ibm-pre-001/SKILL.md	13676	3b721484e593609112adc45294b88164620e866bd2b9241f9795c49ff0e051b2
segments/sell/dealos/implementation/DealOS_v1.0.1/skills/source_505/ibm-pre-002/SKILL.md	13646	4cd1c20a830cfe9dd35c32289d5873c9ce675c75a98302cddf050b7b216d8097
segments/sell/dealos/implementation/DealOS_v1.0.1/skills/source_505/ibm-pre-003/SKILL.md	13621	90acd5e4d051b8792a7044af2f27af804168ce9f82036aac73d7e6521ed79a8a
segments/sell/dealos/implementation/DealOS_v1.0.1/skills/source_505/ibm-pre-004/SKILL.md	13611	766c5ba32467221e500b0e47619e5ea115a52e3514066b68c8783c358a7d18c3
segments/sell/dealos/implementation/DealOS_v1.0.1/skills/source_505/ibm-pre-005/SKILL.md	13661	488755ad220785c7c87daeffda10eab7b3abe5dcc2cf3d6b61de91246f6b0d51
segments/sell/dealos/implementation/DealOS_v1.0.1/skills/source_505/ibm-pre-006/SKILL.md	13621	23774c6aeb5fc2523dd3a43338745e8e9d8e19ed2c0b53d6406e8d22ea1d6cb6
segments/sell/dealos/implementation/DealOS_v1.0.1/skills/source_505/ibm-pre-007/SKILL.md	13651	3d3bff985cadba9ddf1d68c9580bfaf8bdc6dfe830d8e543098da9bec2944ca0
segments/sell/dealos/implementation/DealOS_v1.0.1/skills/source_505/ibm-pre-008/SKILL.md	13586	7267b0ef7e86f0e5f6715bbeb3ed12f9199249882fe9b3301140baaa4a95edfb
segments/sell/dealos/implementation/DealOS_v1.0.1/skills/source_505/ibm-pre-009/SKILL.md	13626	35818d0b696c29dd82ef7d8b83d161b401ea65942e4bcc586e54251de3a08c0c
segments/sell/dealos/implementation/DealOS_v1.0.1/skills/source_505/ibm-pre-010/SKILL.md	13606	44b1c48c8cd4ecf7276cfa81e051ab986a5cd9917d910e7853a7d5c4483f9a89
segments/sell/dealos/implementation/DealOS_v1.0.1/skills/source_505/ibm-pre-apm-001/SKILL.md	13650	1d637ea691ddb0cb2e5e2b04320e23c08712619f75501110f778da5e84816795
segments/sell/dealos/implementation/DealOS_v1.0.1/skills/source_505/ibm-pre-apm-002/SKILL.md	13615	3555fe51b7cf444e575a52ec7d65250e0015d6c43ab8411a7e938d8c0f72062f
segments/sell/dealos/implementation/DealOS_v1.0.1/skills/source_505/ibm-pre-atl-001/SKILL.md	13725	aa349705a80d8c24a3c315c8a6ea95f337e61edbf61e1fcb11318c2be8bfd6aa
segments/sell/dealos/implementation/DealOS_v1.0.1/skills/source_505/ibm-pre-atl-002/SKILL.md	13770	d6ff0a3a5c69effed7df062b62107a889370a5cf4800e2ee94076e34a72ccdbc
segments/sell/dealos/implementation/DealOS_v1.0.1/skills/source_505/ibm-pre-atl-003/SKILL.md	13735	07efacb63b82a296231dadf4db0e141dca6400fb70b77c5e7fe650ab551bc4ec
segments/sell/dealos/implementation/DealOS_v1.0.1/skills/source_505/ibm-pre-atl-004/SKILL.md	13775	5ab7667d64d1ae4abb9629df747bf222cc702ed4c45b897f044b5ca2dfa2a3eb
segments/sell/dealos/implementation/DealOS_v1.0.1/skills/source_505/ibm-pre-bdm-001/SKILL.md	13661	0e5e932ae432fccb1d5240fe97718fbea156f4be9713a05d5add2c1dcd0bcd85
segments/sell/dealos/implementation/DealOS_v1.0.1/skills/source_505/ibm-pre-cp-001/SKILL.md	13652	7d47d4306e8f3ebd8abba1952ef6ae306452132c8f69d1b20dc76561af59e3fb
segments/sell/dealos/implementation/DealOS_v1.0.1/skills/source_505/ibm-pre-iss-001/SKILL.md	13710	fe6d0737a6956aa086dd53607995a82274cd5999f1fc3728c690390e707e5f2f
segments/sell/dealos/implementation/DealOS_v1.0.1/skills/source_505/ibm-pre-iss-002/SKILL.md	13730	d63eaab84860617199018937d530cbcfad169024137970b243a6314e6d0fb3c3
segments/sell/dealos/implementation/DealOS_v1.0.1/skills/source_505/ibm-pre-iss-003/SKILL.md	13690	25864d13d1429e8a86c85e7abf294b4aebb5f03a144e7700cc333029d6053649
segments/sell/dealos/implementation/DealOS_v1.0.1/skills/source_505/ibm-pre-sa-001/SKILL.md	13665	6316bc06ad1436f0c5162446fb4230720b27dd6473d4686adffa9d6bba83151d
segments/sell/dealos/implementation/DealOS_v1.0.1/skills/source_505/ibm-pre-sdr-001/SKILL.md	13684	0e067af1880a9926153a556a6faa30819ccf44522837c8d2bb4020ab460b1977
segments/sell/dealos/implementation/DealOS_v1.0.1/skills/source_505/ibm-pre-sdr-002/SKILL.md	13684	e27a2505c1f097598ec56d6b1e71a189ad32f9213c3e55793a435e2c814d4805
segments/sell/dealos/implementation/DealOS_v1.0.1/skills/source_505/ibm-presales-demo-builder/SKILL.md	2822	129bd784587413df79f6526d1f66477131ce551da0958322b15b8f9f0ad135ba
segments/sell/dealos/implementation/DealOS_v1.0.1/skills/source_505/ibm-presentation-creator/SKILL.md	7198	8e6f6caafc1990b71849042b43af4f854ac0a94bd66e345008da8997845a52da
segments/sell/dealos/implementation/DealOS_v1.0.1/skills/source_505/ibm-pro-001/SKILL.md	13578	75bc7e0f1eda16715aa29c3ff70bf0bf0adeea71405bbdf33dc68286867592b2
segments/sell/dealos/implementation/DealOS_v1.0.1/skills/source_505/ibm-pro-002/SKILL.md	13608	c140e561d6511360805e3fd3075e808b61166dccf400548fd53fe11128556538
segments/sell/dealos/implementation/DealOS_v1.0.1/skills/source_505/ibm-pro-004/SKILL.md	13623	7fa9d0ff312226879518502efb17b9c3791f9cbdc45ad1bd60de15061b39fbd4
segments/sell/dealos/implementation/DealOS_v1.0.1/skills/source_505/ibm-pro-005/SKILL.md	13617	e69ecbf141e217f2b6e1416c7eaaf479c86c969b6a9546e3c7da631d22e26a12
segments/sell/dealos/implementation/DealOS_v1.0.1/skills/source_505/ibm-pro-006/SKILL.md	13603	795832538662d4327b288970d82eded8536bc0975a01800fb17e9d56c2812395
segments/sell/dealos/implementation/DealOS_v1.0.1/skills/source_505/ibm-pro-007/SKILL.md	13588	ab089505875dbe16ba900c922b5a82dec2d8923ddc22ba12c2a74393f8f30f44
segments/sell/dealos/implementation/DealOS_v1.0.1/skills/source_505/ibm-pro-008/SKILL.md	13603	97303a110f8df8a9e158d7e2707b7e557dc11021a71486f06ef8f57453e7b9c1
segments/sell/dealos/implementation/DealOS_v1.0.1/skills/source_505/ibm-pro-009/SKILL.md	13578	656bd40d5599fdae50b87c4daf1f5d4df762abc18e8243be120b5c9cf2e4b8fb
segments/sell/dealos/implementation/DealOS_v1.0.1/skills/source_505/ibm-pro-010/SKILL.md	13583	01a18c0b5df14634e11dd98f12cb61c870d979ee0208857bf4415ebc99aa5392
segments/sell/dealos/implementation/DealOS_v1.0.1/skills/source_505/ibm-pro-011/SKILL.md	13578	d14e3e1be93647eca99e42ac4ea32c50d744e089720b036ff51a9053fc040a18
segments/sell/dealos/implementation/DealOS_v1.0.1/skills/source_505/ibm-pro-apm-001/SKILL.md	13678	214e2c76f841617cb6e42c2d5618a8b92ff60431417b1a96136912bc2165a3f7
segments/sell/dealos/implementation/DealOS_v1.0.1/skills/source_505/ibm-pro-atl-001/SKILL.md	13718	5aa1cf754632c0c4e25a1aefcdaf31929b487456ab91bbd220cd4829dc3fdc3c
segments/sell/dealos/implementation/DealOS_v1.0.1/skills/source_505/ibm-pro-cp-001/SKILL.md	13665	f84363b931029f264cbffc731487a5a4cce2f733c18539fdee229ada1cca23e0
segments/sell/dealos/implementation/DealOS_v1.0.1/skills/source_505/ibm-pro-cp-002/SKILL.md	13665	692337e774da20c8f6ea4d9e3ab37f7bf70a56188d7e89667f2ddd74609a2126
segments/sell/dealos/implementation/DealOS_v1.0.1/skills/source_505/ibm-pro-sa-001/SKILL.md	13678	2e718d8f5aebc3e67ce1b00de9031b5400cc8fb3a573155c740a81b81b24275b
segments/sell/dealos/implementation/DealOS_v1.0.1/skills/source_505/ibm-pro-tss-001/SKILL.md	13684	47ca7751a27b459f2203bd59da0b90859f1ffe9ccbdb95d5156621f3beacd3ad
segments/sell/dealos/implementation/DealOS_v1.0.1/skills/source_505/ibm-qua-001/SKILL.md	13552	a457750431ad9539e04e2e8321d99148b3ea28b312404959f410e8c401ee8795
segments/sell/dealos/implementation/DealOS_v1.0.1/skills/source_505/ibm-qua-002/SKILL.md	13580	3032c4ef473d391ab2953d025661f1fdfac9c3e14c0b483fc58199df523cb487
segments/sell/dealos/implementation/DealOS_v1.0.1/skills/source_505/ibm-qua-003/SKILL.md	13567	78c31cb5a3164875c09c1611aceb71b78e1359f6d04398e4b8318bd45bb4cfe0
segments/sell/dealos/implementation/DealOS_v1.0.1/skills/source_505/ibm-qua-004/SKILL.md	13602	ee113de2aa9a653902c60c83137e3ec1984d086b83834034d2d6dfa297487dfd
segments/sell/dealos/implementation/DealOS_v1.0.1/skills/source_505/ibm-qua-005/SKILL.md	13572	4854498f4c5c2bd5bdd4cbdab7daf213242fbe9b6ddcc278b0f753cdb42500fe
segments/sell/dealos/implementation/DealOS_v1.0.1/skills/source_505/ibm-qua-006/SKILL.md	13564	7c54d33c79d95f42f3e3074498052b5aac95a7a43474383dafb7afffeda9e727
segments/sell/dealos/implementation/DealOS_v1.0.1/skills/source_505/ibm-qua-007/SKILL.md	13557	5269081b210013270f3a2632b7618ac11b25f246caca516a9a8607525450a56e
segments/sell/dealos/implementation/DealOS_v1.0.1/skills/source_505/ibm-qua-008/SKILL.md	13602	7d4494a257ee33b62d2bdcde59b98338e7cc663b522e4806ed138e9157652456
segments/sell/dealos/implementation/DealOS_v1.0.1/skills/source_505/ibm-qua-010/SKILL.md	13590	ce64cf015019889d5025b72d61a83d1ddfa4f3f3ca04a9d8e178fbe3709549b6
segments/sell/dealos/implementation/DealOS_v1.0.1/skills/source_505/ibm-qua-atl-001/SKILL.md	13656	8c50df3925b63f061bb39104a7d40565664d4dd0da08a495f93d0faafd5df00e
segments/sell/dealos/implementation/DealOS_v1.0.1/skills/source_505/ibm-qua-cp-001/SKILL.md	13628	d1aedd5d1ba170d3ddebf1c16f4cb080b680724e4578761de436a275ec43ba8b
segments/sell/dealos/implementation/DealOS_v1.0.1/skills/source_505/ibm-qua-csm-001/SKILL.md	13608	f5fd5c50972086acc6cbba5edf46ff2770e8063eec3ff958e0d06019a8944006
segments/sell/dealos/implementation/DealOS_v1.0.1/skills/source_505/ibm-qua-iss-001/SKILL.md	13661	9af888ddd8c42c5aedaed3ab19072c7116b406e2230b7776a7ad0b881216f106
segments/sell/dealos/implementation/DealOS_v1.0.1/skills/source_505/ibm-qua-sa-001/SKILL.md	13621	c3c49d0bb142b005ac16ecce7019d4481c4adacc2b5b3c37b9fbd1e29dd5e597
segments/sell/dealos/implementation/DealOS_v1.0.1/skills/source_505/ibm-qua-sdr-001/SKILL.md	13610	d2a8bb61e28bb988a9853bd9c611e2bdac74eb3309f2178960c98deeaf316426
segments/sell/dealos/implementation/DealOS_v1.0.1/skills/source_505/ibm-qua-tss-001/SKILL.md	13602	56c423374fc3b94aa3eb350ec43e6b4ce6c633ed1b6d0362c1335f747b81278f
segments/sell/dealos/implementation/DealOS_v1.0.1/skills/source_505/ibm-sales-000/SKILL.md	2761	afae9cdc04b80c6ce32a76efdaee63ea513f9f0951a3df390bf9b4c0967a5c83
segments/sell/dealos/implementation/DealOS_v1.0.1/skills/source_505/ibm-sales-adaptive-orchestrator/SKILL.md	8262	3bcdaa2f220c2b6190bd6cf29db304b8e443acee5a3460abd37a27ce97f38e03
segments/sell/dealos/implementation/DealOS_v1.0.1/skills/source_505/ibm-sales-agentic-orchestration/SKILL.md	8531	452bbc46714fe73a0fd3c22653595de5b72f1871efaec1f3c1d233499dee1ff3
segments/sell/dealos/implementation/DealOS_v1.0.1/skills/source_505/ibm-sales-ext-commercial-deal-desk-route/SKILL.md	2603	9b6df002811d14678c092f25df095d88f76c4f4ab2e9ce92c6e624fd7674f08d
segments/sell/dealos/implementation/DealOS_v1.0.1/skills/source_505/ibm-sales-ext-commercial-pricing-discount-guardrail/SKILL.md	2671	3ba45df76b9e78ad1323a63dbc6a51ebf0d9c3ba84e5e101979079d41e887444
segments/sell/dealos/implementation/DealOS_v1.0.1/skills/source_505/ibm-sales-ext-commercial-proposal-release-qa/SKILL.md	2622	fd9f71257a07301e7d1a9c71670265c6b14e0e9c4ff74f729709e110d68309c0
segments/sell/dealos/implementation/DealOS_v1.0.1/skills/source_505/ibm-sales-ext-commercial-redline-boundary/SKILL.md	2577	5d9e2b6cba20b521b35d5324eed39ea63185315746ddeba0cd87ee7fc06956d8
segments/sell/dealos/implementation/DealOS_v1.0.1/skills/source_505/ibm-sales-ext-customer-health-signal-intake/SKILL.md	2702	6d8d4c9b0880425b591a60b96271b48b56c8c7f7cf3502af24e502923f0fbebb
segments/sell/dealos/implementation/DealOS_v1.0.1/skills/source_505/ibm-sales-ext-customer-renewal-risk-route/SKILL.md	2590	06a41e51597d70e7bb628a594370ddb02a1aba913e644b7b69f16e054b5c5c83
segments/sell/dealos/implementation/DealOS_v1.0.1/skills/source_505/ibm-sales-ext-customer-success-plan-govern/SKILL.md	2596	0a3bfac96cd53b09a167c04a17793378fff89f8485b14cc40e8d4a62aae38f7d
segments/sell/dealos/implementation/DealOS_v1.0.1/skills/source_505/ibm-sales-ext-customer-value-realization-evidence/SKILL.md	2616	d0b85a213088c05d1c2501f78baf57c83190e2ccd80fde544d53899ed3b2ce7e
segments/sell/dealos/implementation/DealOS_v1.0.1/skills/source_505/ibm-sales-ext-data-knowledge-curate/SKILL.md	2625	14b5d7d4d5ca1b7195e8cc45d6eb9aab93cde6a6e033f2bc597419ac78c910c1
segments/sell/dealos/implementation/DealOS_v1.0.1/skills/source_505/ibm-sales-ext-data-quality-triage/SKILL.md	2509	3adfa7ca08ee09e212d32a9b97d21f7526075b95b1b26fe494cc25d75a164f6f
segments/sell/dealos/implementation/DealOS_v1.0.1/skills/source_505/ibm-sales-ext-data-retention-lineage/SKILL.md	2651	d1ab31b3283a3b863f5f979f74d2c80c03170473832d9f129f4781d54bf50a3d
segments/sell/dealos/implementation/DealOS_v1.0.1/skills/source_505/ibm-sales-ext-data-semantic-metric/SKILL.md	2587	9fda4d9364bb4351a3b4333ba4772636e2b010cda4bccbf4518be3edf2281f7d
segments/sell/dealos/implementation/DealOS_v1.0.1/skills/source_505/ibm-sales-ext-data-source-catalog/SKILL.md	2571	5f0b52a8011d94be1450295f6accd299deece7e9950ffae4e73f907fd0f967e4
segments/sell/dealos/implementation/DealOS_v1.0.1/skills/source_505/ibm-sales-ext-evidence-artifact-quality/SKILL.md	2591	d2e98ed927bbacb51b4728302ee42e55ad508c5a2e329a117166528713476c6b
segments/sell/dealos/implementation/DealOS_v1.0.1/skills/source_505/ibm-sales-ext-evidence-claim-adjudicate/SKILL.md	2590	bb399b3e26a1022d8ffb819ebfd3a59c445cc4be9d0a678fd30a00d08cea7ca5
segments/sell/dealos/implementation/DealOS_v1.0.1/skills/source_505/ibm-sales-ext-evidence-freshness-monitor/SKILL.md	2591	d9cdc29436e1901f33fcf9bd14729e167a8c6136be25d6ee8867fccbe33a15a8
segments/sell/dealos/implementation/DealOS_v1.0.1/skills/source_505/ibm-sales-ext-evidence-source-provenance/SKILL.md	2591	790386a5ad07bc724aea4a53a96b741e7e5f031383a6ca793102e233b9214c1b
segments/sell/dealos/implementation/DealOS_v1.0.1/skills/source_505/ibm-sales-ext-identity-delegation-expiry/SKILL.md	2567	8642ff429b317545e2095918d8debfff50839aab69b7aa58b161ac83d6d7f996
segments/sell/dealos/implementation/DealOS_v1.0.1/skills/source_505/ibm-sales-ext-identity-offboarding-revoke/SKILL.md	2584	0f747b7cc6cc7afc9891f3a8761076b5d6a7ed1f468099b33d2c5f79cfd95ea1
segments/sell/dealos/implementation/DealOS_v1.0.1/skills/source_505/ibm-sales-ext-identity-profile-reconcile/SKILL.md	2635	5a4ea274b87fda49682f1802350a7b9a94a962b640b8e8692fafa1955a300a99
segments/sell/dealos/implementation/DealOS_v1.0.1/skills/source_505/ibm-sales-ext-identity-session-bind/SKILL.md	2640	d055c59bb8403f655d2362f7b8b12e39da9771c203deb4d55ac5826ae8640c7e
segments/sell/dealos/implementation/DealOS_v1.0.1/skills/source_505/ibm-sales-ext-identity-territory-scope-validate/SKILL.md	2600	da0c7d9e6f03923846988bd9cb79d14dab36f3dd015ca9dd2867cc6225f5fba4
segments/sell/dealos/implementation/DealOS_v1.0.1/skills/source_505/ibm-sales-ext-marketing-attribution-review/SKILL.md	2609	2aca3ae5e8b7aac9a3301c0df20ebc3446faf4f7e4c413d9e93f4f71875b88d9
segments/sell/dealos/implementation/DealOS_v1.0.1/skills/source_505/ibm-sales-ext-marketing-campaign-event/SKILL.md	2604	b0a2ad43a2f5eefe982939cb99dfbe8acf7af287d54b6f4694aefeb0e4c1f762
segments/sell/dealos/implementation/DealOS_v1.0.1/skills/source_505/ibm-sales-ext-ops-capacity-coverage/SKILL.md	2639	eef2d40ad917f01e0074be3632b755fdfe436fbc49ae25f97e7a1d31d357ee5a
segments/sell/dealos/implementation/DealOS_v1.0.1/skills/source_505/ibm-sales-ext-ops-crm-hygiene/SKILL.md	2567	03e6226d31f75c4538318c3efef84a65e26086b80c4af3f4f2b4875d70b1b961
segments/sell/dealos/implementation/DealOS_v1.0.1/skills/source_505/ibm-sales-ext-ops-forecast-evidence/SKILL.md	2622	02bb0f7843204d5425d47c711431c326b4aa7bfe102a5d403907a0bf60cfb3f1
segments/sell/dealos/implementation/DealOS_v1.0.1/skills/source_505/ibm-sales-ext-ops-pipeline-governance/SKILL.md	2609	6be27d324e2cf24bc892e0af6187d7408e5f4c00f115c55901bb57488c316006
segments/sell/dealos/implementation/DealOS_v1.0.1/skills/source_505/ibm-sales-ext-ops-territory-quota-change/SKILL.md	2637	2be4424fda517cdafebcd5912e31205ec2ade305d1c95d0fe0f7a9ed718c7bc9
segments/sell/dealos/implementation/DealOS_v1.0.1/skills/source_505/ibm-sales-ext-partner-alliance-governance/SKILL.md	2613	3706e9cca4b8bad84be559affb2dd1bed537e24684aa3352ff689e72b12f335e
segments/sell/dealos/implementation/DealOS_v1.0.1/skills/source_505/ibm-sales-ext-partner-cosell-plan/SKILL.md	2646	b12b75bb0d6b2780482cc3701825d748312d4b1a95e26876540e8e5b444e4aa7
segments/sell/dealos/implementation/DealOS_v1.0.1/skills/source_505/ibm-sales-ext-platform-cost-latency-budget/SKILL.md	2596	d81fe23e5d41c7eb6707afcf973afdccc8b7b4a9d510f0f7ed6e8d34392b82c8
segments/sell/dealos/implementation/DealOS_v1.0.1/skills/source_505/ibm-sales-ext-platform-incident-response/SKILL.md	2751	68c35d73f5028fb58310a263ae50874afbca91b9b8349f9fff64be55bf183485
segments/sell/dealos/implementation/DealOS_v1.0.1/skills/source_505/ibm-sales-ext-platform-model-release/SKILL.md	2664	d475879eb828d2dff07a300c01e60f4a814eb36d86ba3fc3d2e66b95e57a4c69
segments/sell/dealos/implementation/DealOS_v1.0.1/skills/source_505/ibm-sales-ext-platform-prompt-agent-evaluate/SKILL.md	2692	c958890f4fbca8823954947211462b4a062a81a9c58292282e5a9b12ff5ac95a
segments/sell/dealos/implementation/DealOS_v1.0.1/skills/source_505/ibm-sales-ext-platform-tool-security-assess/SKILL.md	2667	0c3f60c8cb635eba9a4de49ed7f76e65f1a5b62793f9ada5dfda66734e666038
segments/sell/dealos/implementation/DealOS_v1.0.1/skills/source_505/ibm-sales-ext-platform-workflow-change-control/SKILL.md	2620	c7481bb5bf5993288a52ac09fec5c698e9e9e51e156ded2b9e800275f9306bf4
segments/sell/dealos/implementation/DealOS_v1.0.1/skills/source_505/ibm-sales-ext-policy-data-classify/SKILL.md	2572	883f78b19da81733edde1c2640f6920eed665ecd65883fbed462dd0a241b222a
segments/sell/dealos/implementation/DealOS_v1.0.1/skills/source_505/ibm-sales-ext-policy-exception-case/SKILL.md	2605	80b7808797a97b3819f6c487bed00dec8919d46265034bcce6256d74a2491922
segments/sell/dealos/implementation/DealOS_v1.0.1/skills/source_505/ibm-sales-ext-policy-purpose-limit/SKILL.md	2545	7609eba34357e36534a9e63a65484b34c0020e381603839df1f442831d255eac
segments/sell/dealos/implementation/DealOS_v1.0.1/skills/source_505/ibm-sales-ext-policy-region-residency/SKILL.md	2597	d7d3334ecf94825a6fa3996b4a5c5f339453fbb6f22130d5669222cc162baac4
segments/sell/dealos/implementation/DealOS_v1.0.1/skills/source_505/ibm-sales-ext-policy-restricted-data-detect/SKILL.md	2677	cf588998a9522d2e89505f8696c01c89ccae83c19f4b2eba4a00cab76937163c
segments/sell/dealos/implementation/DealOS_v1.0.1/skills/source_505/ibm-sales-ext-solution-architecture-assure/SKILL.md	2650	a3ea26fc422800c334ad176271f709ab587ade7807728e9a00254a81d61813f2
segments/sell/dealos/implementation/DealOS_v1.0.1/skills/source_505/ibm-sales-ext-solution-delivery-feasibility/SKILL.md	2604	5c06cc0809b1685696e431b6f36b6cc0de3a3738cc6ee5e52d700e92b5d5d9d7
segments/sell/dealos/implementation/DealOS_v1.0.1/skills/source_505/ibm-sales-ext-solution-demo-poc-risk/SKILL.md	2553	222365e62f5fe9771aa895012a37e28b19ff7af65a680adad2019a3005d31266
segments/sell/dealos/implementation/DealOS_v1.0.1/skills/source_505/ibm-sales-ext-solution-requirements-trace/SKILL.md	2598	f1c1c135e18399ca4fef2d862c4bda62774ab6ba23b572e8d7a9dd3439baa1d1
segments/sell/dealos/implementation/DealOS_v1.0.1/skills/source_505/ibm-sales-ext-workflow-dead-letter-triage/SKILL.md	2538	3535fcda238bbcde74546b683a25e84bf4d9fe5579af9613bfe6137ceda9249f
segments/sell/dealos/implementation/DealOS_v1.0.1/skills/source_505/ibm-sales-ext-workflow-event-schema-gate/SKILL.md	2606	1602808e5abc4f9c94a2ad3cc5ea20b3cea75dd518ce409fe414e7ee84aa7bf0
segments/sell/dealos/implementation/DealOS_v1.0.1/skills/source_505/ibm-sales-ext-workflow-idempotency-reconcile/SKILL.md	2565	067f95c6170f519cb8b22b1163de4958f37be637aa93575fdbba0de3bfed8a67
segments/sell/dealos/implementation/DealOS_v1.0.1/skills/source_505/ibm-sales-ext-workflow-retry-backoff/SKILL.md	2529	924bb3b1e3c28fa913ae8d4d691577d7d546b64417432368ce97e730f8c794e8
segments/sell/dealos/implementation/DealOS_v1.0.1/skills/source_505/ibm-sales-ext-workflow-state-manager/SKILL.md	2565	4c7eba793862a5615da360db1bca1e71b0e05b2a8cabdb2242aa378533036e79
segments/sell/dealos/implementation/DealOS_v1.0.1/skills/source_505/ibm-sales-mcp-connection-governor/SKILL.md	10958	bc4f0afe8092794ac63a9761ae0634e38b4c4c3a08df69d4c03543e9e0d28481
segments/sell/dealos/implementation/DealOS_v1.0.1/skills/source_505/ibm-sales-onboarding-value-data-audit/SKILL.md	9728	e5d0738d2ccb0ffb2a7824ec2404bf1b9e127525ce562d1adc2bf28a57e9e408
segments/sell/dealos/implementation/DealOS_v1.0.1/skills/source_505/ibm-sales-proactive-guidance/SKILL.md	6755	b4c7cfded217a4d0cb6792d261450c9b43f1dce11d6e8a44265bb0669516e1ce
segments/sell/dealos/implementation/DealOS_v1.0.1/skills/source_505/ibm-sales-role-workflow-cartographer/SKILL.md	7787	fadc04684f3c8b23bb54afaa3858c8f7b45e3b0746304ac9fd72eb61497cf2b1
segments/sell/dealos/implementation/DealOS_v1.0.1/skills/source_505/ibm-sales-scale-001/SKILL.md	2384	ed8d123df818a69064b7112aa84f4c9c84e36941194fdf363c3b3c2cc7c4ea31
segments/sell/dealos/implementation/DealOS_v1.0.1/skills/source_505/ibm-sales-scale-002/SKILL.md	2345	91b358dec1209c222ee1d4b12eebe5eb1500d7dc18780aff5238a6ca1afe0ce0
segments/sell/dealos/implementation/DealOS_v1.0.1/skills/source_505/ibm-sales-scale-003/SKILL.md	2330	372a92c7dfa3e48b7ba83dd1b795e9265ed836826529df239dcb1931995de7e5
segments/sell/dealos/implementation/DealOS_v1.0.1/skills/source_505/ibm-sales-scale-004/SKILL.md	2291	2e254c39f1af5d23d4456dd633e78742c25fc0befb504750a611070b3836a13b
segments/sell/dealos/implementation/DealOS_v1.0.1/skills/source_505/ibm-sales-scale-005/SKILL.md	2271	58c414589e7b5e6590cd2f9c06fe518df02075d972565e574c5aa42c8d3652f0
segments/sell/dealos/implementation/DealOS_v1.0.1/skills/source_505/ibm-sales-scale-006/SKILL.md	2302	27d4237e40506721f295b6b01510333042f73de7d152a7bd68b83d0d8edd56c5
segments/sell/dealos/implementation/DealOS_v1.0.1/skills/source_505/ibm-sales-scale-007/SKILL.md	2307	dc45d49ff4883d60bc1120b5b16bdeafb018f3a76331c2c1f0bea7d20656294a
segments/sell/dealos/implementation/DealOS_v1.0.1/skills/source_505/ibm-sales-scale-008/SKILL.md	2231	c4602c9a8ced967db95a9632217b6896e0b1d2147a212a0a0f4342e75a4429f3
segments/sell/dealos/implementation/DealOS_v1.0.1/skills/source_505/ibm-sales-scale-009/SKILL.md	2278	c920528bacfc3577f395445ac38a1f3378b9f14ab6f5190c1536a99f8724f5ad
segments/sell/dealos/implementation/DealOS_v1.0.1/skills/source_505/ibm-sales-scale-010/SKILL.md	2182	63b065152cb753bfc704c7475aecc9cced0276205500ea833e6a3e983a6eb676
segments/sell/dealos/implementation/DealOS_v1.0.1/skills/source_505/ibm-sales-scale-011/SKILL.md	2301	d50824adeac63c19406d70ff9216d26b0fa48ebfd7a5ca1e52c6108deecafeb2
segments/sell/dealos/implementation/DealOS_v1.0.1/skills/source_505/ibm-sales-scale-012/SKILL.md	2332	43dcc84f6deb50679d78ed456ff41edb449fa6e247bb5357371617a2044f9867
segments/sell/dealos/implementation/DealOS_v1.0.1/skills/source_505/ibm-sales-scale-013/SKILL.md	2344	2c42a5ebd4f6e2304ef1bb11844cec645c10ebb2b5156b86bcdacfd4c17291ff
segments/sell/dealos/implementation/DealOS_v1.0.1/skills/source_505/ibm-sales-scale-014/SKILL.md	2266	1c9886e21be121efa591c6397e3eb666c12517fef311a83a6a5ee8af465c2f76
segments/sell/dealos/implementation/DealOS_v1.0.1/skills/source_505/ibm-sales-scale-015/SKILL.md	2241	91fef8429ce5de0c394fce9679f0cb94096ec021d92a15f655f8d800d1ca4561
segments/sell/dealos/implementation/DealOS_v1.0.1/skills/source_505/ibm-sales-scale-016/SKILL.md	2247	977ec5887d19f42c05c0546e0f4d6b47c4a69ea18a052c13df13c40375bef27a
segments/sell/dealos/implementation/DealOS_v1.0.1/skills/source_505/ibm-sales-scale-017/SKILL.md	2274	2789c69fb5feafca272ed6c695bd610f8899cc0f963a9dbf25e030236fda5825
segments/sell/dealos/implementation/DealOS_v1.0.1/skills/source_505/ibm-sales-scale-018/SKILL.md	2239	0b7ae59347aec9a637e7fa14adcdd33a73eed52370e23661d7dba2441fa36558
segments/sell/dealos/implementation/DealOS_v1.0.1/skills/source_505/ibm-sales-scale-019/SKILL.md	2171	730426740866e38b19825b4295752c6ea1baf2d712c68241a38a49e4bd997628
segments/sell/dealos/implementation/DealOS_v1.0.1/skills/source_505/ibm-sales-scale-020/SKILL.md	2203	8de4558857033b7aa634a8f953a687e26523b865716df41d9cd09678046f1bd3
segments/sell/dealos/implementation/DealOS_v1.0.1/skills/source_505/ibm-sales-scale-021/SKILL.md	2266	34aaaca89f16f306fd3e0a7b7760e1888159f3c46596825611e50d9145616d2e
segments/sell/dealos/implementation/DealOS_v1.0.1/skills/source_505/ibm-sales-scale-022/SKILL.md	2243	bdd0b358c30dea88d4954327b54b06c87c4c0d3e454414bda2e516c3d4328c7c
segments/sell/dealos/implementation/DealOS_v1.0.1/skills/source_505/ibm-sales-scale-023/SKILL.md	2304	f1f8b6437d56f64db3b443670e5a3cb0b4534b5c4b5d1ea554c8b8a95dae1b8b
segments/sell/dealos/implementation/DealOS_v1.0.1/skills/source_505/ibm-sales-scale-024/SKILL.md	2208	caa44bf863bc3e2a46461b669684f9fad879f33abe86d576bf2233b596fa1937
segments/sell/dealos/implementation/DealOS_v1.0.1/skills/source_505/ibm-sales-scale-025/SKILL.md	2196	7d543f51cceb851426fdae4fcba41047c5f5fc9c062b2240867d8eef439e9345
segments/sell/dealos/implementation/DealOS_v1.0.1/skills/source_505/ibm-sales-scale-026/SKILL.md	2136	85047f96296ea55a91e0278e5c2717ee9d91af7c5c167b63456281bacb3d9655
segments/sell/dealos/implementation/DealOS_v1.0.1/skills/source_505/ibm-sales-scale-027/SKILL.md	2122	5e13e9c63ef35da02cd3928a7f05e6e4348d404e8156dcfa1213b96805b2ec2d
segments/sell/dealos/implementation/DealOS_v1.0.1/skills/source_505/ibm-sales-scale-028/SKILL.md	2210	6ae2a28ab4998b4bf243f1180f6ec92413f00bc2bee7b3b5a45b9c700f9a4685
segments/sell/dealos/implementation/DealOS_v1.0.1/skills/source_505/ibm-sales-scale-029/SKILL.md	2142	8b0a6be6282ebec0dc92eb6c8e575c395a4216ae0424e61d81691c2a08442419
segments/sell/dealos/implementation/DealOS_v1.0.1/skills/source_505/ibm-sales-scale-030/SKILL.md	2199	8a5394a91f0b4bd5a55d47c16f43d4b2253ca1bd14d72b8b5069be6e7658fbc9
segments/sell/dealos/implementation/DealOS_v1.0.1/skills/source_505/ibm-sales-scale-031/SKILL.md	2166	0d66ec9228f8641654c458180ddc2e6330a73c6dac725a7f557e4fb14a0e0f1b
segments/sell/dealos/implementation/DealOS_v1.0.1/skills/source_505/ibm-sales-scale-032/SKILL.md	2154	efe36e50c7617fc7572366896508e3c22eb37a4627be87ebc6f2f1ded8662471
segments/sell/dealos/implementation/DealOS_v1.0.1/skills/source_505/ibm-sales-scale-033/SKILL.md	2187	00a9d9a9a069c0bdae509e8e5444edc1385e95e0d8c75c97d5baa3ab5fe59889
segments/sell/dealos/implementation/DealOS_v1.0.1/skills/source_505/ibm-sales-scale-034/SKILL.md	2137	218620e15cac2c437a469a81e0f0599763708fab3d72038e5e9e8e0e2a77b927
segments/sell/dealos/implementation/DealOS_v1.0.1/skills/source_505/ibm-sales-scale-035/SKILL.md	2130	271e29e66fe0685534f4a897d401b300e791a3e126c56b067d1e13c75086f0e2
segments/sell/dealos/implementation/DealOS_v1.0.1/skills/source_505/ibm-sales-scale-036/SKILL.md	2241	4b1420e6aaeb14d49b4264c7b3ccbdd9cc882b1964e67934c476e0a1386ebfac
segments/sell/dealos/implementation/DealOS_v1.0.1/skills/source_505/ibm-sales-scale-037/SKILL.md	2237	0107a30ff3ade73a61fadbe9c16b540dfbd61f307b9c2b9af3e5d47f1ebbec9d
segments/sell/dealos/implementation/DealOS_v1.0.1/skills/source_505/ibm-sales-scale-038/SKILL.md	2203	b7b9648b3919f42755f6ddb4456ccccd05910210ce5ab169468b4b2fffbc26b7
segments/sell/dealos/implementation/DealOS_v1.0.1/skills/source_505/ibm-sales-scale-039/SKILL.md	2157	d7ab14ca4d1687eba127667dec540391c18662027d9597738c9a4afdeb40e3eb
segments/sell/dealos/implementation/DealOS_v1.0.1/skills/source_505/ibm-sales-scale-040/SKILL.md	2133	eceac823d7331db31b13a3237ac4b62a2bd3dec1fd4320620f17d6452b362023
segments/sell/dealos/implementation/DealOS_v1.0.1/skills/source_505/ibm-sales-scale-041/SKILL.md	2210	24a5cfa4cf4a647f0a813a6aa6dcae59579a8dfe296f86451fd7c0632ab47706
segments/sell/dealos/implementation/DealOS_v1.0.1/skills/source_505/ibm-sales-scale-042/SKILL.md	2159	64c1fc43970a2754a195c8448b27eed223a83fc768571c5b49d5d4b6fc2edf91
segments/sell/dealos/implementation/DealOS_v1.0.1/skills/source_505/ibm-sales-scale-043/SKILL.md	2196	451f3f94dd1ea26a34a0df6a01f9195852963d297ae05c9ae0f586fb4de010e6
segments/sell/dealos/implementation/DealOS_v1.0.1/skills/source_505/ibm-sales-scale-044/SKILL.md	2156	3e81874a342530ab24c4f17fb04e815b55b1dcaf774e7a2da2bb550244aa6166
segments/sell/dealos/implementation/DealOS_v1.0.1/skills/source_505/ibm-sales-scale-045/SKILL.md	2180	aa407d28449560040d74b2fd8acf85f86c2efeb8818f8d61ccbe345624cff3f7
segments/sell/dealos/implementation/DealOS_v1.0.1/skills/source_505/ibm-sales-scale-046/SKILL.md	2222	c2b55b01475dfde0382be005394c033a03609f994a61ec84a4dc7430d4af5c54
segments/sell/dealos/implementation/DealOS_v1.0.1/skills/source_505/ibm-sales-scale-047/SKILL.md	2238	fbcbbf9a81580584bad0dcf87f495dd592c34315bd1c14606dd9a667bc45042e
segments/sell/dealos/implementation/DealOS_v1.0.1/skills/source_505/ibm-sales-scale-048/SKILL.md	2238	0b0aee2065256307acfe487d461a48b18a6765359b9c6351a7b85a9479893c61
segments/sell/dealos/implementation/DealOS_v1.0.1/skills/source_505/ibm-sales-scale-049/SKILL.md	2222	3ca4da0796cbb157c67d5ab8f70e5d7bc6e02ba06a41bbae5e6050c66ad68b49
segments/sell/dealos/implementation/DealOS_v1.0.1/skills/source_505/ibm-sales-scale-050/SKILL.md	2251	70b66e53266cb39b6eab9006f1d0b6d566ee6ce9a17fb0f0320df3a91e2bb919
segments/sell/dealos/implementation/DealOS_v1.0.1/skills/source_505/ibm-sales-scale-051/SKILL.md	2271	157fb2f11b83f60f313e49980a3206e64c460c348943d2836c25d33a369fdb1c
segments/sell/dealos/implementation/DealOS_v1.0.1/skills/source_505/ibm-sales-scale-052/SKILL.md	2226	ffdd58f07f98eca8e6acd9d3c83b3d9ef8ab4538003907e01638ccf9fa7e49ea
segments/sell/dealos/implementation/DealOS_v1.0.1/skills/source_505/ibm-sales-scale-053/SKILL.md	2224	5ec7d2ff1d8e17ce6ab3f5bd8dd9affad07beb0a5572e0dc5963f548c40083fc
segments/sell/dealos/implementation/DealOS_v1.0.1/skills/source_505/ibm-sales-scale-054/SKILL.md	2254	7e0db919e3a0f857efaf6f9dd12449fcec876f48461a0b8755a81e9bd49f5be7
segments/sell/dealos/implementation/DealOS_v1.0.1/skills/source_505/ibm-sales-scale-055/SKILL.md	2228	7bca18e9b9c8975b1a5b9efb39d0a60c734f8d9116ab3bae05f2a6b8fe586e0b
segments/sell/dealos/implementation/DealOS_v1.0.1/skills/source_505/ibm-sales-scale-056/SKILL.md	2197	b1058dd9a69a860104af236e0b3c9f8fa97764024c102bd00a342464a41df730
segments/sell/dealos/implementation/DealOS_v1.0.1/skills/source_505/ibm-sales-scale-057/SKILL.md	2177	2f754a4347e72b01d110da75e1df8af9aa080eac9a5128ee84047505785840c6
segments/sell/dealos/implementation/DealOS_v1.0.1/skills/source_505/ibm-sales-scale-058/SKILL.md	2183	e343e188078e7b274b75ae3dbd120015fff1be278a28fc29e78acdef48fb5d6a
segments/sell/dealos/implementation/DealOS_v1.0.1/skills/source_505/ibm-sales-scale-059/SKILL.md	2171	3f799afb16ab63fdfda93105017c9e0dc2e6059c79c60674cad3bacf659a07a9
segments/sell/dealos/implementation/DealOS_v1.0.1/skills/source_505/ibm-sales-scale-060/SKILL.md	2267	f1c12dd2a43045feb5d9090f4b810f5dc4aac8713d5b98b11295403b95da00cd
segments/sell/dealos/implementation/DealOS_v1.0.1/skills/source_505/ibm-sales-scale-061/SKILL.md	2152	66e85664110ab40137aeb16569e83b6e6bcbb8a4fcde2d386ed28b14ed90583f
segments/sell/dealos/implementation/DealOS_v1.0.1/skills/source_505/ibm-sales-scale-062/SKILL.md	2209	66485350017e5a1d872dad0bc9b13656e1b4e63c94217907109a83f4756b9cd7
segments/sell/dealos/implementation/DealOS_v1.0.1/skills/source_505/ibm-sales-scale-063/SKILL.md	2224	c77166f4f388a3e6776940bdc25859dd7ec648b7db18c996959f8c469ac092da
segments/sell/dealos/implementation/DealOS_v1.0.1/skills/source_505/ibm-sales-scale-064/SKILL.md	2222	5c1db68ca23f6d8fbcbdf875ab14201f14469e04d2e78edc49f8160a33fb2ae4
segments/sell/dealos/implementation/DealOS_v1.0.1/skills/source_505/ibm-sales-scale-065/SKILL.md	2163	e31183c61c24b90b70a6e5867e54f7796735b8a4f0cb05fc30d5c55f4726bfcc
segments/sell/dealos/implementation/DealOS_v1.0.1/skills/source_505/ibm-sales-scale-066/SKILL.md	2186	1925d5302649c5fef0b90ea588441d85beee27465e087859ad4d47b391929e3a
segments/sell/dealos/implementation/DealOS_v1.0.1/skills/source_505/ibm-sales-scale-067/SKILL.md	2188	d7fa4e0b1b68634a63b51cacfe7bfc0415c0c7b006d5741fb81ddbccfca10a03
segments/sell/dealos/implementation/DealOS_v1.0.1/skills/source_505/ibm-sales-scale-068/SKILL.md	2191	7ca222f7cb232c346a90e394b1c62d71edd1a2c546e580c5da2357e268745ed7
segments/sell/dealos/implementation/DealOS_v1.0.1/skills/source_505/ibm-sales-scale-069/SKILL.md	2123	ceafe9cc3516aba18af762441fd223d8157345ad59fc6c36d190170ab61eca44
segments/sell/dealos/implementation/DealOS_v1.0.1/skills/source_505/ibm-sales-scale-070/SKILL.md	2190	79400053b702cff66fa94bbac645506d7d166d5c5b1da8bb72eb7471551a967d
segments/sell/dealos/implementation/DealOS_v1.0.1/skills/source_505/ibm-sales-scale-071/SKILL.md	2213	62715de3c49b3dc40e0c751af8af3782fde222bd7ece69a57993051d0bbcd095
segments/sell/dealos/implementation/DealOS_v1.0.1/skills/source_505/ibm-sales-scale-072/SKILL.md	2181	3b7abfbd3e62deccedb9f2366630d3a98d11a80ed1373aafcdfb5e2044709b71
segments/sell/dealos/implementation/DealOS_v1.0.1/skills/source_505/ibm-sales-scale-073/SKILL.md	2192	5ed22be53081610875bf44b52ada8735b3db193e29868dcdb32a4c2f807ec143
segments/sell/dealos/implementation/DealOS_v1.0.1/skills/source_505/ibm-sales-scale-074/SKILL.md	2323	6642c670a2dd167ca4e2eb8020fa13c144a48d8ae117761af174d3626f29953c
segments/sell/dealos/implementation/DealOS_v1.0.1/skills/source_505/ibm-sales-workflow-intake-autopilot/SKILL.md	7740	c6a7cb27e522346d4a168631134e0175590869234f9f1840afa66b7c686405a9
segments/sell/dealos/implementation/DealOS_v1.0.1/skills/source_505/ibm-sdr-workflow-001/SKILL.md	13537	fdf72474b4e1d9b50d538b067691e8f016059ac72457af9fbd09e739566a9a90
segments/sell/dealos/implementation/DealOS_v1.0.1/skills/source_505/ibm-sdr-workflow-002/SKILL.md	13587	9b112b1ae55211bfa544bdee34235fe8f5fae407df1e15d1c179aead3d6970c9
segments/sell/dealos/implementation/DealOS_v1.0.1/skills/source_505/ibm-sdr-workflow-003/SKILL.md	13572	411e9ef1e53ced52fcd1e50f428c6407a7964bc1017dfd4bf2799571d02ce9fa
segments/sell/dealos/implementation/DealOS_v1.0.1/skills/source_505/ibm-sdr-workflow-004/SKILL.md	13562	1d4e9ebf903877d0a92885c7805250d78a288a93ce15aaf8fc95723cf1561fcb
segments/sell/dealos/implementation/DealOS_v1.0.1/skills/source_505/ibm-sdr-workflow-005/SKILL.md	13557	d2d12be13a5e33757f50deb86face5a76ff7544ef75b8f4f9976bbf2b1ea37c8
segments/sell/dealos/implementation/DealOS_v1.0.1/skills/source_505/ibm-sdr-workflow-006/SKILL.md	13582	0b6323d14cb1028371e1856ee21fb9cc8463ee47684015d57bfb4893fb81829f
segments/sell/dealos/implementation/DealOS_v1.0.1/skills/source_505/ibm-sdr-workflow-007/SKILL.md	13562	e0c8fd51737103ee623e2f82e56fabcb52ea8b09a62b6485783484555deb0e19
segments/sell/dealos/implementation/DealOS_v1.0.1/skills/source_505/ibm-solution-accelerator/SKILL.md	3497	3e70bca49139da07c1ff64f5764ce09decb842baf578d6c455d31d6bc80048b3
segments/sell/dealos/implementation/DealOS_v1.0.1/skills/source_505/ibm-solution-architect-web/SKILL.md	8348	c1c4e69fb11367c76036580b67a81e3edecbd7f6cbf62d77e8abb2307e652ee9
segments/sell/dealos/implementation/DealOS_v1.0.1/skills/source_505/ibm-solution-onepager/SKILL.md	4004	02ead8fba5f628bf5e6511644f5812aa18ea83a585a094776a03d6badf39c5cd
segments/sell/dealos/implementation/DealOS_v1.0.1/skills/source_505/identity-replacement-pipeline/SKILL.md	5917	4e899be11da9dd318330ba833c31c3111f4e72852c5d3af281ef17233c8c27a9
segments/sell/dealos/implementation/DealOS_v1.0.1/skills/source_505/imagegen/SKILL.md	16671	2b4a3592051a7223a2ffb81b8bf9048321ba1d420985621cf485fe45ac562573
segments/sell/dealos/implementation/DealOS_v1.0.1/skills/source_505/independent-megadeal-originator/SKILL.md	13369	87ed32e7f4c4108f24d4cd398d3791fac39c46944d93413f90e11783a8bbb336
segments/sell/dealos/implementation/DealOS_v1.0.1/skills/source_505/institutional-investment-playbook/SKILL.md	28142	54c1d64abf4a547552796f6b2bcc04829c7f45e8c57b5e8d3e0b431a1b86626b
segments/sell/dealos/implementation/DealOS_v1.0.1/skills/source_505/legal-system-navigator/SKILL.md	3757	4d13df62883587f819adc631a2c8ffb1fbf0dae5d0ddf1fbc8f03d74b5723370
segments/sell/dealos/implementation/DealOS_v1.0.1/skills/source_505/lemos-strategy-playbook/SKILL.md	8129	892631069a7138081c395f3c068a51e38bf2c999967d16ecf8f341d2db48ac00
segments/sell/dealos/implementation/DealOS_v1.0.1/skills/source_505/line-function-presentation-strategist/SKILL.md	4312	55c13318895463f3e9d08d366f2b17706b7a9a55b34943248201d850932b09ba
segments/sell/dealos/implementation/DealOS_v1.0.1/skills/source_505/linkedin-storyteller/SKILL.md	4589	40f92fac0206093cba98adbf06ed5fae5d6e22515187bb502cabe7f5607b4b44
segments/sell/dealos/implementation/DealOS_v1.0.1/skills/source_505/local-lead-blitz/SKILL.md	5794	05b3aa64161e3995cfec396bda65555c85e5d2f81256ab0e500686122c9e33f1
segments/sell/dealos/implementation/DealOS_v1.0.1/skills/source_505/manus-api/SKILL.md	10013	439738dfa1683e985651980187d8b3b8172ac9b1303f5eef7ea7bbad4870f9e0
segments/sell/dealos/implementation/DealOS_v1.0.1/skills/source_505/manus-config/SKILL.md	9250	d79e773612e3b99a30e8101f72db7180e9f3da4b9cfa8d64a91454ff82e8c701
segments/sell/dealos/implementation/DealOS_v1.0.1/skills/source_505/manus-pptx/SKILL.md	25386	c76801299df85ba9bbc53a5699bf67de8f4696d547eef6eb6180a12501d2e3d5
segments/sell/dealos/implementation/DealOS_v1.0.1/skills/source_505/markdown-chunker/SKILL.md	4811	41a5950c8c8ab342004bda0dde73064b743a1685dff0f4187e394bf1dcf93ab7
segments/sell/dealos/implementation/DealOS_v1.0.1/skills/source_505/master-comedian-joke-writer/SKILL.md	5568	4b41949a0f6703b866222824f6d3ac631834dd962e748486f8df61dedb46f88f
segments/sell/dealos/implementation/DealOS_v1.0.1/skills/source_505/master-developer/SKILL.md	10736	5ee84fe5ba4543a8a7168715eac2948601812fba7099a21fe1b8952357fbe4e3
segments/sell/dealos/implementation/DealOS_v1.0.1/skills/source_505/master-orchestrator/SKILL.md	4998	241fbd0a292cdd1bc4fbe0a3784c4ed3a72569e800b4dc28a7d181da09ba0531
segments/sell/dealos/implementation/DealOS_v1.0.1/skills/source_505/master-storytelling/SKILL.md	13227	a4b1ac8d03300871d205356604ecd8eeeca79ecc8242d712a6767245c7c6e883
segments/sell/dealos/implementation/DealOS_v1.0.1/skills/source_505/mediator-renter-disruptor/SKILL.md	5672	0e7c63699492612972d41c8cf2401865195602548697751015862bf8aa62be59
segments/sell/dealos/implementation/DealOS_v1.0.1/skills/source_505/motion-design/SKILL.md	12410	efabefd5660f9676079d3b337f02379e565d3d2ec370aeaba62789cb642ce877
segments/sell/dealos/implementation/DealOS_v1.0.1/skills/source_505/muse-driven-songsmith/SKILL.md	4951	8a2a7459d6ab7a2d361b048c3a5886fd8669468de90e47badf5deba113e943e6
segments/sell/dealos/implementation/DealOS_v1.0.1/skills/source_505/music-prompter/SKILL.md	11787	85a2584fc758fc58efc8aac25ae066b448e9ccae00848de12fb3c6e2378ff10c
segments/sell/dealos/implementation/DealOS_v1.0.1/skills/source_505/music-video-production/SKILL.md	8638	8a129b75600d23578e10b09abeb68b71a654f39d838717e74d09b2694f37f93d
segments/sell/dealos/implementation/DealOS_v1.0.1/skills/source_505/ncfb-claims-adjuster-coach/SKILL.md	9068	6840afc6689d52087b714661cbbaf733eccda4f82875402a87fab82f3ef85aba
segments/sell/dealos/implementation/DealOS_v1.0.1/skills/source_505/ncfb-mainframe-education/SKILL.md	17404	6778785be75c305a90148de10a49fdf9d9b557a9d4dccb22aa8d7846fb905c98
segments/sell/dealos/implementation/DealOS_v1.0.1/skills/source_505/ncfb-sqlcode-805/SKILL.md	7250	8f6cd3dc0dd2f56ac60012e873d7277e64c337847484b8f121ca0623f9d45cae
segments/sell/dealos/implementation/DealOS_v1.0.1/skills/source_505/olivia-lanes/SKILL.md	4298	a135c8d7fca25393acfa63ed9ff6816e4c7e33624e7b61ec5c24c3304313e2da
segments/sell/dealos/implementation/DealOS_v1.0.1/skills/source_505/patent-fortress-strategist/SKILL.md	4074	559c21e5034b9a273b7297ee215f806bca3c838a8b496593c90dbb99035e714e
segments/sell/dealos/implementation/DealOS_v1.0.1/skills/source_505/persistent-computing/SKILL.md	8768	a68196d1786234a7d15f457546527702a4620daf0c01a8cfcb47b56d144914b0
segments/sell/dealos/implementation/DealOS_v1.0.1/skills/source_505/pitch-master/SKILL.md	12284	fb99728e78a9bb32a3d4492ac58e414ea7baeca36f20d8a2f09c09b13e5c15ae
segments/sell/dealos/implementation/DealOS_v1.0.1/skills/source_505/product-launch-architect/SKILL.md	9251	d92ab92cd60d2aeedae90eede96c2813d39bce23b6a2466f63a3f49b37f4f626
segments/sell/dealos/implementation/DealOS_v1.0.1/skills/source_505/psychopolitical-campaign-manager/SKILL.md	3790	be7dbb11af34d5a36a6ad46972e5ef9dabf180e954b46c912a0bcc62b2760aa3
segments/sell/dealos/implementation/DealOS_v1.0.1/skills/source_505/qisbob-hardware-specialist/SKILL.md	6999	2e2b81706d89376fdd392c9f007ee9b92afd40b2ff3efd5321db629ae89639f9
segments/sell/dealos/implementation/DealOS_v1.0.1/skills/source_505/qisbob-quantum-mentor/SKILL.md	13365	21173e80e5c511a05ddc0351dc19fc644f559177c3839a0c9b6753ad07e667c6
segments/sell/dealos/implementation/DealOS_v1.0.1/skills/source_505/qisbob-research-agent/SKILL.md	8471	8e905b9938cdbccdf52c57a57a81153fc68a7c8ddbb621a4c17140ef4fe29e02
segments/sell/dealos/implementation/DealOS_v1.0.1/skills/source_505/qisbob-vibe-coder/SKILL.md	9758	f14c54c0fdbc4e80a62679f80839e89939f403fa237e0abe125133be175c8818
segments/sell/dealos/implementation/DealOS_v1.0.1/skills/source_505/read-special-images/SKILL.md	4252	34e697009b47f8ef40af7f44c583fb833d0826ccb9a29997d82d82698a5c4513
segments/sell/dealos/implementation/DealOS_v1.0.1/skills/source_505/relentless-developer/SKILL.md	4896	ac2ecd6abcf975780a6d3b5cb208af03b0bf72fc709a5325a0c3953417c67dfe
segments/sell/dealos/implementation/DealOS_v1.0.1/skills/source_505/remotion-video-generator/SKILL.md	7435	0edbbc45cf0da1de1382afb6ec9d94615da10f29d00d1c84f03b65e802e1ae10
segments/sell/dealos/implementation/DealOS_v1.0.1/skills/source_505/rspkt-web-designer/SKILL.md	17719	364ea64b1d21190b3ba12e133bb7d7324056afb0336793a2f49ecbf5717e2d6b
segments/sell/dealos/implementation/DealOS_v1.0.1/skills/source_505/rynne/SKILL.md	49206	644757c2905543ca1a9d820dd4b94c2413ea502460c55d3f9a1fe5a822bbfe7d
segments/sell/dealos/implementation/DealOS_v1.0.1/skills/source_505/sales-seller-intelligence-mcp-integration/SKILL.md	10372	0b0c32f4543e6a16bf8997cc5230f49c6ccffd21fbf6af2582e2a379ca1eaff3
segments/sell/dealos/implementation/DealOS_v1.0.1/skills/source_505/script-to-film-production/SKILL.md	12692	c08cb1c733d028f65e0c1a79b8f26c08d5cbf4d5e18dba06d19983693d71f1ff
segments/sell/dealos/implementation/DealOS_v1.0.1/skills/source_505/short-form-derivative-production/SKILL.md	4785	f709fb5fc58c8258f662eaaed552bba1903bfeaad8e7f2af56155042d6f7a30b
segments/sell/dealos/implementation/DealOS_v1.0.1/skills/source_505/skill-creator/SKILL.md	10196	5e24fe943054625554c766a0ea0a68e03bc54bc52a2b454074ecbbc84da21975
segments/sell/dealos/implementation/DealOS_v1.0.1/skills/source_505/slack-standup-summarizer/SKILL.md	4736	f40ae34ae9bab53c0103a8db53e96357c0f0690aa364d98705be104a7af08745
segments/sell/dealos/implementation/DealOS_v1.0.1/skills/source_505/slide-deck-copilot/SKILL.md	3536	fc4f2f84f5189e5f636537ddafda08b24c5b3d25c79a04c9253694490461031a
segments/sell/dealos/implementation/DealOS_v1.0.1/skills/source_505/solitude-of-roman-writer/SKILL.md	3476	fd1ef0b0838c81d94339cf9de0e5704078e7e6c4689532a866e295e7ae87ed90
segments/sell/dealos/implementation/DealOS_v1.0.1/skills/source_505/solutions-designer-architect/SKILL.md	2536	a78f2cf2e36179b76f301960d2040579e0e7a1d29c96dca7ca480d694d01266a
segments/sell/dealos/implementation/DealOS_v1.0.1/skills/source_505/specialized-prompt-writer/SKILL.md	4477	551e98191fcf5ad60bc463d68d1f74ef343a469716c5fff52091608e54e52cf3
segments/sell/dealos/implementation/DealOS_v1.0.1/skills/source_505/startup-builder-architect/SKILL.md	3622	97883f3bc94bae97d10794d07dd92415d5f419424587ea9ee7548d9b82641855
segments/sell/dealos/implementation/DealOS_v1.0.1/skills/source_505/strategic-foresight/SKILL.md	3944	151cc174c156d0f7fe1869172f0d53d3572a9029fece81a6cafe7217811d7edc
segments/sell/dealos/implementation/DealOS_v1.0.1/skills/source_505/system-engineering-architect/SKILL.md	5711	4124bb4a30abbc3646255808ff687f92e66bb8da00393776c4b46954b352e9ef
segments/sell/dealos/implementation/DealOS_v1.0.1/skills/source_505/tls-ai-drift-detection-escalation-agent/SKILL.md	6693	a420a0728cee42e988498e918748338e61802890fda95b4e00b99998076c9c8f
segments/sell/dealos/implementation/DealOS_v1.0.1/skills/source_505/tls-campaign-architect-agent/SKILL.md	10569	30a03e8f59df21ee40fa809dea299de058c0e39cf34ae323f0fbfd74367fcb40
segments/sell/dealos/implementation/DealOS_v1.0.1/skills/source_505/tls-command-center-dashboard-agent/SKILL.md	6612	37d3c7d599a54e64826d3e46a3c2eb0678ea02c422e97a60948b6cc9744d70d6
segments/sell/dealos/implementation/DealOS_v1.0.1/skills/source_505/tls-competitive-intelligence-battlecard-agent/SKILL.md	6785	d51753c8904838d140aa505ef2a34cbe13872243d8f61e8f05144d472b28ca4d
segments/sell/dealos/implementation/DealOS_v1.0.1/skills/source_505/tls-compliance-audit-agent/SKILL.md	6512	7ba64c5bfa4914d52eaa915f6532f91d9a8f3f5b1f88261f83fa9353521a077d
segments/sell/dealos/implementation/DealOS_v1.0.1/skills/source_505/tls-contract-intelligence-negotiation-agent/SKILL.md	6703	171f2ea5f25534ad93d7183ab5df7313e20e42196b994625a5d9522550a2538d
segments/sell/dealos/implementation/DealOS_v1.0.1/skills/source_505/tls-customer-success-expansion-agent/SKILL.md	6692	8aaac559fc6f2be91f853619d5fbec0a95475bafcd8a1fc05a35a8a4924ae4f6
segments/sell/dealos/implementation/DealOS_v1.0.1/skills/source_505/tls-data-science-predictive-analytics-agent/SKILL.md	6747	1467462e760bf0b7e25768008947715cf280a5303254f92d81b14a141ecda339
segments/sell/dealos/implementation/DealOS_v1.0.1/skills/source_505/tls-discovery-call-strategist-agent/SKILL.md	10675	2a99a36c066ea6728abaacf8dcf88fe2df6533f3adeaed7a2be9eb385fe3b81e
segments/sell/dealos/implementation/DealOS_v1.0.1/skills/source_505/tls-first-call-preparation-agent/SKILL.md	10587	6a416a461f2a84af0a2eedc56d5306de0502b7f24afaeb87e17838eb144a54fc
segments/sell/dealos/implementation/DealOS_v1.0.1/skills/source_505/tls-lead-tracker-analytics-agent/SKILL.md	5342	58fce05da4f004c3d3aceb6c6f4d0b26740d0a055ed7606c36f3190161a02a8b
segments/sell/dealos/implementation/DealOS_v1.0.1/skills/source_505/tls-mvs-opportunity-qualifier-agent/SKILL.md	5214	98320fb3b9a5df7cbbd730e5ad31bc97365a0aabefaa1c8dca80faf2302abdcb
segments/sell/dealos/implementation/DealOS_v1.0.1/skills/source_505/tls-outreach-execution-agent/SKILL.md	11000	186d93fad8ab7cdef796494d279a9ab2f7f1da1e85413aa50a7a5e1a1c81a3b7
segments/sell/dealos/implementation/DealOS_v1.0.1/skills/source_505/tls-partner-ecosystem-channel-agent/SKILL.md	6715	e8738321bcf51ccc495f404bc4e5761c255248823b15abbf2c34a77123ce86d0
segments/sell/dealos/implementation/DealOS_v1.0.1/skills/source_505/tls-sales-enablement-training-agent/SKILL.md	6617	7621deba93468bae8bb0c65046c72d083b0b470837b8bfeee28aef5dc0b8b8e3
segments/sell/dealos/implementation/DealOS_v1.0.1/skills/source_505/tls-sales-operations-process-optimization-agent/SKILL.md	6774	47807febce6c8d62c3c37f2304c0fdfcbe3d430bcf912c03b6c2ad64581a0069
segments/sell/dealos/implementation/DealOS_v1.0.1/skills/source_505/tls-strategic-intelligence-agent/SKILL.md	6641	e6794c5e4d2ecb7fdfe78ad4ddaa4284282e2c6addaa8da2b2f80cc3d2c99998
segments/sell/dealos/implementation/DealOS_v1.0.1/skills/source_505/tls-territory-intelligence-agent/SKILL.md	10860	8ba3cbb30856b65ef026ced93c511dc39edb2b44b77c616ee91d1fad0102fa21
segments/sell/dealos/implementation/DealOS_v1.0.1/skills/source_505/tsc-blue-yonder-wrapper-engineer/SKILL.md	2373	092ac6393fe885e73530ec695b4d5ee7307028d043c85fdd467e660a1caac552
segments/sell/dealos/implementation/DealOS_v1.0.1/skills/source_505/tsc-business-value-analyst/SKILL.md	2375	e094d1cecf9c47c77217043fe643a0e848b7ef6b7caaad90e249083016d0e6f1
segments/sell/dealos/implementation/DealOS_v1.0.1/skills/source_505/tsc-demo-storyboard/SKILL.md	2365	a24ef93b312d01d638395c45775eaecb38ea9c481a6b7e18bea4c8abe59f1cea
segments/sell/dealos/implementation/DealOS_v1.0.1/skills/source_505/tsc-devops-loop-test-manager/SKILL.md	2334	3dc2a3b8716e5042543e67d99590b40d4f0395bea36db0ac384b083e9ede08e3
segments/sell/dealos/implementation/DealOS_v1.0.1/skills/source_505/tsc-doors-next-author/SKILL.md	2620	5e543fc7290c2d0f95449e1ddd9a5310f855a05db410187981ed8415c3ed3bdb
segments/sell/dealos/implementation/DealOS_v1.0.1/skills/source_505/tsc-eco-change-control/SKILL.md	2558	faa167b63d8b9828a823addd210271273dc8ee60fbd62c70b75e9671fe5957b1
segments/sell/dealos/implementation/DealOS_v1.0.1/skills/source_505/tsc-ets-backend-engineer/SKILL.md	2511	bdbd0f76f402d6977ef08043da26b08abcaa35010710f5ef34f546dd75d9f891
segments/sell/dealos/implementation/DealOS_v1.0.1/skills/source_505/tsc-ets-frontend-mfe-engineer/SKILL.md	2454	fcbee12b9dba7d1688dd662a226abb13c8aad50a2e3fe7cb565dcbe97e6950b6
segments/sell/dealos/implementation/DealOS_v1.0.1/skills/source_505/tsc-interactive-requirements/SKILL.md	3208	311acda38fc266b93f8720454d5bb99552c2006fce977870965128136b3e7ab2
segments/sell/dealos/implementation/DealOS_v1.0.1/skills/source_505/tsc-jira-intake-analyst/SKILL.md	2551	9bc691d6684ed489721f425316c313557017f7459496af394a58d8da41e89a08
segments/sell/dealos/implementation/DealOS_v1.0.1/skills/source_505/tsc-mcp-integration-engineer/SKILL.md	2399	5a1e119ef78d934397bc88871c1be485017c00edb90a1ea1fa429a4689e3df1b
segments/sell/dealos/implementation/DealOS_v1.0.1/skills/source_505/tsc-measure-analytics/SKILL.md	2258	049c191a40fd90c6d53952f1b042185f2922bdf7a9727defba7172c364bd1336
segments/sell/dealos/implementation/DealOS_v1.0.1/skills/source_505/tsc-modernization-value-analyst/SKILL.md	2415	1c15b01d193145cf17ad5d9b83fcc09196d57a3642307b1ef700d282f892385e
segments/sell/dealos/implementation/DealOS_v1.0.1/skills/source_505/tsc-oms-mcp-engineer/SKILL.md	2253	4b1d48d629bd9d55866b944621dac94cd5c2d2dfd8d7981dbe1f3a9d3fa1dd07
segments/sell/dealos/implementation/DealOS_v1.0.1/skills/source_505/tsc-orchestrator/SKILL.md	2657	2dac40f1979dad23442020066c3df25e014b2eebf9419777e07d0bf549f31c33
segments/sell/dealos/implementation/DealOS_v1.0.1/skills/source_505/tsc-partner-onboarding-engineer/SKILL.md	2417	35d5be2412b4247ae84f5532d6fb0f259a1a532f56eef0b956b214aaf1dd8fc3
segments/sell/dealos/implementation/DealOS_v1.0.1/skills/source_505/tsc-release-readiness-manager/SKILL.md	2388	99e4be4b311bd21a867daebd0f0de1efd0c0e30ea6d511db91c61c76d3a662c7
segments/sell/dealos/implementation/DealOS_v1.0.1/skills/source_505/tsc-requirements-refiner/SKILL.md	2595	b8beeff1e918b67ba9f1f23477547758434b73e24d1567d8f5413ae42e7778d5
segments/sell/dealos/implementation/DealOS_v1.0.1/skills/source_505/tsc-secure-config-onboarding/SKILL.md	2612	4125e78e4631efd341c3e4229a550aef48a330b361ee6d0e14b6d60eb208fd29
segments/sell/dealos/implementation/DealOS_v1.0.1/skills/source_505/tsc-solution-architect/SKILL.md	2621	35d2545702956b5a47b0ad1f06c335e41d4ce652fc750999fe37cd7f4382e2b4
segments/sell/dealos/implementation/DealOS_v1.0.1/skills/source_505/tsc-store-ops-petsense-engineer/SKILL.md	2412	d5e9d22d2f14be0253d1525a0d0b52543122a94b85abce923fbecb56c5a59821
segments/sell/dealos/implementation/DealOS_v1.0.1/skills/source_505/tsc-technical-spec-writer/SKILL.md	2517	5b39c821c20a34a45756b5dab10c97c4c739c66cf3e7dd3aeafb2fa640a34dbd
segments/sell/dealos/implementation/DealOS_v1.0.1/skills/source_505/tsc-test-strategy-engineer/SKILL.md	2329	b4fa0455b064e9cea553c531a9c3d9bca0755f4d1657541afda36db30814af0a
segments/sell/dealos/implementation/DealOS_v1.0.1/skills/source_505/tsc-traceability-manager/SKILL.md	2589	811e36e7da47d94c045a7036637f4526c3101d1460bfc02fc18616052b33c16d
segments/sell/dealos/implementation/DealOS_v1.0.1/skills/source_505/tsc-workbench-modeler/SKILL.md	2490	44e9c7553eac0bdf43f14840ffcbd55ffc3d843127e6a61687e4b7a8420e2332
segments/sell/dealos/implementation/DealOS_v1.0.1/skills/source_505/tts-prompter/SKILL.md	14081	25198bc912521cab70d22c00a0873419b3ba0f6bfdd64906f5094a94a7ad6db1
segments/sell/dealos/implementation/DealOS_v1.0.1/skills/source_505/tv-series-production/SKILL.md	9910	22e5cb42f12824be301f0a312d5cfbda6f79aa60815506d2346586a21fd7d26c
segments/sell/dealos/implementation/DealOS_v1.0.1/skills/source_505/typst-pdf-maker/SKILL.md	6589	851d6fe81fb536a327a82d99abc2e8cad264bd9b435e0f2a045f3ad40ec49e3c
segments/sell/dealos/implementation/DealOS_v1.0.1/skills/source_505/ui-ux-pro-max/SKILL.md	44910	ea0f674a897187b115a34cc270da02857783873aa050c740c9e036a058ac55db
segments/sell/dealos/implementation/DealOS_v1.0.1/skills/source_505/uncodixfy/SKILL.md	2188	21ccd2820a5ea679b37b9ab24a9f05565147b3760cff77b49c850ae099814c0b
segments/sell/dealos/implementation/DealOS_v1.0.1/skills/source_505/webdev-custom-dockerfile/SKILL.md	12212	d65c137f2bac697bec3e3210ee52d1e1f8381b859f52bb54bdef31f45995d2b2
segments/sell/dealos/implementation/DealOS_v1.0.1/skills/source_505/webdev-data-api/SKILL.md	433	2111b1c0a7fd8bbdb2ce64a3d690079283230fc301e8265186b1e9c3bce0e1a4
segments/sell/dealos/implementation/DealOS_v1.0.1/skills/source_505/webdev-file-storage/SKILL.md	1546	9d0419b56d5f4e276f24d2c7eb3dc74d76722555c8cfad2e9c7263784ab11ae3
segments/sell/dealos/implementation/DealOS_v1.0.1/skills/source_505/webdev-image-generation/SKILL.md	1705	f56a78e13fec34832616f09342724971dad4da054cc81f53104c4c4aa23ee3d1
segments/sell/dealos/implementation/DealOS_v1.0.1/skills/source_505/webdev-llm-integration/SKILL.md	4887	2d47c069329bcd51802995990b351ad9bbf800a7d03ae03f0fe10580d42a8e50
segments/sell/dealos/implementation/DealOS_v1.0.1/skills/source_505/webdev-manus-oauth/SKILL.md	6699	0a58917a3254a49b45c4bd13cf1e674247839213e1844987f06f2badfb58589c
segments/sell/dealos/implementation/DealOS_v1.0.1/skills/source_505/webdev-maps-integration/SKILL.md	1248	5ab63a03b98f949870ec737107d3c89e8408e61ab94234adcca95f570154bb5e
segments/sell/dealos/implementation/DealOS_v1.0.1/skills/source_505/webdev-owner-notifications/SKILL.md	1036	5acacc80e6011cb0b052bb0a1e04126ff47d2248cac1d1c9db4499b0e27e7abd
segments/sell/dealos/implementation/DealOS_v1.0.1/skills/source_505/webdev-periodic-updates/SKILL.md	15542	7faf4350ae597417d68a323c1e2d406c998661f65ee3d4bd169a0332d7fcf632
segments/sell/dealos/implementation/DealOS_v1.0.1/skills/source_505/webdev-readme-fullstack/SKILL.md	36789	aed0161e998274143490f5aa63f88df6182832a03e2f673f655f87eaee101f65
segments/sell/dealos/implementation/DealOS_v1.0.1/skills/source_505/webdev-readme-mobile/SKILL.md	29152	1f603f13b02115aa153f15ba269b6fd0f8ad51c368c2825d76a38858fa091f3d
segments/sell/dealos/implementation/DealOS_v1.0.1/skills/source_505/webdev-readme-mobile-backend/SKILL.md	39811	587aeb465ccf66b34b7d48999e73ec414399c595dc52b4e62ad1a9df22739e5e
segments/sell/dealos/implementation/DealOS_v1.0.1/skills/source_505/webdev-readme-static/SKILL.md	29032	c42b24a5da41e90168f619684cc70fb0076678f18975345ec6d1c99e105732fd
segments/sell/dealos/implementation/DealOS_v1.0.1/skills/source_505/webdev-ssr-conversion/SKILL.md	27549	88244e434b4f6babfaf0c3823ed6e5588094c6b8b2db06a045b3cee56cd42664
segments/sell/dealos/implementation/DealOS_v1.0.1/skills/source_505/webdev-voice-transcription/SKILL.md	1149	2aee4f35b2498236a9ff99062f26a2b2b9301969eb2d25c3d5c09e26d1912661
segments/sell/dealos/implementation/DealOS_v1.0.1/skills/source_505/wxo-adk-agent-build/SKILL.md	7342	e5c9c2f84690ef3b1740284142add0ca95ea8e200101fed4f4b6ca2db3652f3b
segments/sell/dealos/implementation/DealOS_v1.0.1/skills/source_505/wxo-adk-agentops/SKILL.md	9591	f57e2d1bf99d1cb0f98f5fcd3be8c2b2bf5b0ad5a7d3612c9379446c4f427f7e
segments/sell/dealos/implementation/DealOS_v1.0.1/skills/source_505/wxo-adk-flows-build/SKILL.md	9256	3cbca9d8f790b234ca22c1d9f984f8b52a45290030dd46a8bdba074a438f8708
segments/sell/dealos/implementation/DealOS_v1.0.1/skills/source_505/wxo-adk-install-setup/SKILL.md	4743	6e3011b6a8a5226c71236c924d6d63f025041c2b6655ede9e08a716403de6bbc
segments/sell/dealos/implementation/DealOS_v1.0.1/skills/source_505/wxo-adk-mentor/SKILL.md	4879	11fbe97b0008db12c710e3c710ea97449f608e217a614c90bfd8448802a576f1
segments/sell/dealos/implementation/DealOS_v1.0.1/skills/source_505/wxo-adk-tools-build/SKILL.md	8637	c8dec63ebb38cf260543235d91bba6644a1840a4e8aa4ff1d029523748564aae
segments/sell/dealos/implementation/DealOS_v1.0.1/skills/source_505/wxo-adk-troubleshoot/SKILL.md	9086	347a3a4703a27995b1f86bdeacd72398a4a9a0a404ec64a96eedf44231f5defc
segments/sell/dealos/implementation/DealOS_v1.0.1/skills/source_505/wxo-adk-tutorials/SKILL.md	11359	8f1b669a74d804fdd1458ca96b89edc095f8f6bf139060822ef13f15ac863460
segments/sell/dealos/implementation/DealOS_v1.0.1/skills/source_505/wxo-adk-workspace/SKILL.md	5003	da12e75859bdcf30bdc17118d7fd04976625e7ac108a609f7b1e83fc113617fa
segments/sell/dealos/implementation/DealOS_v1.0.1/skills/source_skills_catalog.md	127524	3aa2240281578ad820683bfbc5fb22f82264c8d9183e82722816b0d1f35e7e2a
segments/sell/dealos/implementation/DealOS_v1.0.1/stripe/setup.md	946	a5cff831c41163a1a271bfc24c121a8ddf19d611234ff4cf8d7fe7cc83d238ab
segments/sell/dealos/implementation/DealOS_v1.0.1/supabase/schema.sql	6713	755f19218bdb2033c8a5072a97a59b0603a6249a1e3ea998865cdde0c5ecaae1
segments/sell/dealos/implementation/DealOS_v1.0.1/supabase/seed.sql	141	86d66704db2d70ee2a758887551eea4340adac7e6c0c0a7f93d8f55f74f7118c
segments/sell/dealos/manifest.json	1353	db9ad504102bbd77fb9812b17b71bd917326182017fe0b0fd03de04b04495674
segments/sell/dealos/skill_routes.json	68198	00848ce2a34e41c7b64f00eb069d5a010fc8eacdb246f35cb7c8b1dd3f1f7850
segments/sell/dealos/source_archive/DealOS_v1.0.1.zip	2115857	2df0829e8dbb1b4a1e8704acd0b3973534024604948f4566c91eb2fab31759bf
segments/sell/dealos/teams.json	2172	a1f1e51060b0d21d543cf452bc4a32733107990e804a203cbbae952ee3139158
segments/sell/dealos/workflow.json	1012	915aaed7cc754840af478969efdfdf04da36bf4280b2974cfc754ee795b01953
segments/sell/grantos/README.md	651	b24554c643e8999b192d2b49d31df6c6cbe95899abe459e6b123a2f9b8aff145
segments/sell/grantos/connectors.json	274	e9798ee69c0e6efb6fad3ebde45b3d8c2af9efe3fbd7a0fc7d43234076de2602
segments/sell/grantos/manifest.json	1212	5af958a313f4a94b7d4dc6ffcf1a1ae254fcdafc8fc092a0da996a295267926c
segments/sell/grantos/skill_routes.json	82767	b00ac26b919649a81a763fd5b37d564dab6995f0d68da18671852752055f5cd2
segments/sell/grantos/teams.json	2256	b42faa99277ad3f6323464da83caef9eca27ab4405caa451ee4d3e05e7f61675
segments/sell/grantos/workflow.json	1077	926ae66ad30836d130752661846f19765e5af02d2a7e730c770edc9620462fe4
segments/sell/partnershipos/README.md	662	c54d05b21ccc91dde78ae88e6e1741150acf1a42dfe85ff767f18f564bdaabf4
segments/sell/partnershipos/connectors.json	273	06271f740c9d927618257cefbf4f7297a20f84ba40d26984d70e70c89d87da91
segments/sell/partnershipos/manifest.json	1212	fd2fe99c4f7c87c15d14b9af14d07d0ef30eb239ab8653cf1ce1c3c8b0ad00af
segments/sell/partnershipos/skill_routes.json	70928	5485dedce84ffa6585dc9c6eddae39a5c42e3b46895e2d2e67b0c3ffeeaaaef3
segments/sell/partnershipos/teams.json	2097	ba91fa00b3c3410f762d0117108eba647f1576d26da3f67fb2bc92f47975a3bb
segments/sell/partnershipos/workflow.json	978	0438977fd269d5016077f8c5a3fae087e8af2059af66420a5d1931cfd9e4fda5
segments/sell/pricingos/README.md	666	8a3739ea75a8eb4c3227fb85013679edbdf55e5e29690675a9a6f33d63ed5cca
segments/sell/pricingos/connectors.json	250	44f21962e03049090e2a6eb54ca89c05301af4455721bc296f7399c94859f172
segments/sell/pricingos/manifest.json	1197	b8f9521053185d16dde977a4e312931032f98e0fa4f676ec73c100eb93a06a9b
segments/sell/pricingos/skill_routes.json	70209	6b3c5286afd116edfda89d88955bfb3e522887032e0f3d56c1f5e5d21b79d4bc
segments/sell/pricingos/teams.json	2077	2414d731dfbfc8885ae3154cd53817282811573523aff7f716a3a2888bf8b7d7
segments/sell/pricingos/workflow.json	966	b2dd2e47b2181dffd6de6da28bc53380790b56f47475717dad4b3899f8a1c729
segments/sell/revenueos/README.md	703	33ac001d6103e37f9c6422169ef514c52d7021226b7bfc39ee2a50c037e61ed6
segments/sell/revenueos/connectors.json	285	4fad47b6f09f6a9978f8f053f8508b069a2faca9451e99f39fedf5ab8f7283ef
segments/sell/revenueos/manifest.json	1280	422856ca72f943cc1a571cbd633374a1cb896440c3e5d26c8a6f6f9f713154a4
segments/sell/revenueos/skill_routes.json	70359	9ba0f4d5020f0046438ffba3eba7252c90e490581b8356fdf2379d63f2a5d8c9
segments/sell/revenueos/teams.json	2294	6e570517ad9420008e6342ca5ee6ea4e691c1ccc95b59c67218e84ae0c677d85
segments/sell/revenueos/workflow.json	1097	14bce249638c89b8e0662347fc2ca47227a243ecb82190a44b05c96ef693169e
segments/sell/segment.json	270	d3baed3516c55cc0a385b92ea6651f0f8c1e16b4b48e376d8e5517732b01a895
skills/os_factory/create/agencyos/factory-agencyos-assurance/ROUTES.json	960	9ae596479d56b979f2baabf00a97f8de419e9055dbbc8fe413d49aac19ccb78f
skills/os_factory/create/agencyos/factory-agencyos-assurance/SKILL.md	1071	9195aad36998c17bbf645258e1fc920638fb64f25adf0604b0b23f1ea2d800a9
skills/os_factory/create/agencyos/factory-agencyos-integration/ROUTES.json	849	73f710b36eefb3b3a2e4b413abacf9e981bc1634784943e11fe578a79f8e338b
skills/os_factory/create/agencyos/factory-agencyos-integration/SKILL.md	1070	4c31a69682b3b0eedd5a534d4cd7225904925d43c126c3b0b8d3b653296c9d4d
skills/os_factory/create/agencyos/factory-agencyos-orchestrator/ROUTES.json	1871	bb1119f05cf43af191844a9bcc3921d5c0d82a96ea16ad005b1486ede11684a9
skills/os_factory/create/agencyos/factory-agencyos-orchestrator/SKILL.md	1328	6eaf5e3329ab9fe257e763c0159d419072d3bcf3f6bc509c4e6987c3ab91ae5a
skills/os_factory/create/agencyos/factory-agencyos-t01/ROUTES.json	1000	ab2615556b22d623e7cc8666e30f699e31b5c8b8954d11e346cffdc934627ec4
skills/os_factory/create/agencyos/factory-agencyos-t01/SKILL.md	1017	7563d17895ac35a1f3c097a0328eff66b231f84267be4b73e06f98e737e65e8f
skills/os_factory/create/agencyos/factory-agencyos-t02/ROUTES.json	1023	4c26c0114cc5da47cbff4f462a64d14c7d7dd8b0d85b694fec913285eed9bf92
skills/os_factory/create/agencyos/factory-agencyos-t02/SKILL.md	972	a167d3002b5f01606529245b4d393ed66e8373e63cb3a6734d65e076c11e60c0
skills/os_factory/create/agencyos/factory-agencyos-t03/ROUTES.json	997	256dba095da1a01ab0ab88c0b4d68dffd4599a02497027db6bcdcd2548e6d26b
skills/os_factory/create/agencyos/factory-agencyos-t03/SKILL.md	990	bf846d87ebb41b2fa450d6ea944f766cc4078f409aa9f432ae97c72127fa2361
skills/os_factory/create/agencyos/factory-agencyos-t04/ROUTES.json	1032	a39fee942256a47b12783111fb8ccf275b53f47ad8c2eebf8109328c4ae8bfca
skills/os_factory/create/agencyos/factory-agencyos-t04/SKILL.md	969	51a4e5645f1456bb377ffb2e7e9dcb5561d7b49584cd91909bb3fbd859944435
skills/os_factory/create/agencyos/factory-agencyos-t05/ROUTES.json	975	cb98030f92aec95c0613bb8273003987fcf11ef0c7ea8839a8a86e742ee5ca96
skills/os_factory/create/agencyos/factory-agencyos-t05/SKILL.md	969	9cf54371996acebef779ab455044d17c698b861336b6fea1356124b836017212
skills/os_factory/create/agencyos/factory-agencyos-t06/ROUTES.json	997	709b2e8503519a5ec865ac6b9a4883d6ef35c423afbb6fe20c4f95437e5327a3
skills/os_factory/create/agencyos/factory-agencyos-t06/SKILL.md	984	57decb8edce9ee954a3ff6df7b158c4e3fc74331b2335bb3fd195c6dcd64a8b3
skills/os_factory/create/agencyos/factory-agencyos-t07/ROUTES.json	1032	4ae6a6cf27f5bf8c90634091221a9801f43557e00d79c5c639766b310f315966
skills/os_factory/create/agencyos/factory-agencyos-t07/SKILL.md	993	087b2c0e8e111c811a2325fd2dc030b41db68cc732a03b9bc0e30709e431c692
skills/os_factory/create/agencyos/factory-agencyos-t08/ROUTES.json	1033	2fe491038eb372209d8725b3b18dfa70339c4b1c2a3b63e62d6548310d0fdd57
skills/os_factory/create/agencyos/factory-agencyos-t08/SKILL.md	1008	070947641cbf2450969dadd0d915f538f96f1f54e6b23e493e6e421162249144
skills/os_factory/create/brandos/factory-brandos-assurance/ROUTES.json	850	4445d059378b7e506a80265afee1a890adf4a7837518ad41744c13c9c71215b1
skills/os_factory/create/brandos/factory-brandos-assurance/SKILL.md	1068	85b6343f48b4f884122a1beee65a0134d2b507c4e4080474b04a56d420a4e8a5
skills/os_factory/create/brandos/factory-brandos-integration/ROUTES.json	1026	b668e1c6e5502ed815adff6c613d242a52df911ab63b7361ffe0278201a24677
skills/os_factory/create/brandos/factory-brandos-integration/SKILL.md	1067	fbeba068edd927a0b2674783103ee8826f2235e56677f5bf4335556750e11a1c
skills/os_factory/create/brandos/factory-brandos-orchestrator/ROUTES.json	2028	8dbcdc54b181c1b3cdc43d771fbb756c2bd2ac1c2673bb48adece2dda4d84b24
skills/os_factory/create/brandos/factory-brandos-orchestrator/SKILL.md	1300	d32da3786586c02c31b726765657f13d25320d0e8bb226dc0de77ff3aa5891c4
skills/os_factory/create/brandos/factory-brandos-t01/ROUTES.json	901	c06b59a1bc0799cd1c32673f2685209d8866bb7e5dea276430a0959edb9c84c2
skills/os_factory/create/brandos/factory-brandos-t01/SKILL.md	996	160a0494a6819fd3f54a80f3be8f6e7cb78263d876811b06cdb8da4bb1d55359
skills/os_factory/create/brandos/factory-brandos-t02/ROUTES.json	960	dc9e3effa6f4bcadf5ef17f05fbdacea31c1fca67fedfe600bd77d31c7bb079e
skills/os_factory/create/brandos/factory-brandos-t02/SKILL.md	975	5cf3f223a9eefa9c116acc3200936172b357326c417e3da55c79d5fee22fada8
skills/os_factory/create/brandos/factory-brandos-t03/ROUTES.json	917	3955250dc26d8837246bb01bd8e9e37de3afbc2ee1966cdd644f970e7f064eb7
skills/os_factory/create/brandos/factory-brandos-t03/SKILL.md	990	d84832e924c56c2375b285308c94e82e6cc6b79716f47428b9233c47f0b1c9e9
skills/os_factory/create/brandos/factory-brandos-t04/ROUTES.json	894	746c94ce44c3a2cdab271fb2004c7629ee3779d427aa566d6880cb5db512c436
skills/os_factory/create/brandos/factory-brandos-t04/SKILL.md	1023	b334b98c1088394735d6c9586fb51866a170e9fc517267c1078848f1b185ea57
skills/os_factory/create/brandos/factory-brandos-t05/ROUTES.json	802	3c438951b52b7a510266d586b18b718ae2608824d01274f6629fa52950661cbf
skills/os_factory/create/brandos/factory-brandos-t05/SKILL.md	987	5b94205e26bc437b8107ebd21f5d42624b4dba4ef32bacf725e09a2981c96f95
skills/os_factory/create/brandos/factory-brandos-t06/ROUTES.json	732	a7a808bdef2586bee0927910028f8489906101da4006d635815cd416a8c728ec
skills/os_factory/create/brandos/factory-brandos-t06/SKILL.md	975	d7945558303ae2eba504cbe8a783896a590f6cfe45ca6f0ee9c98c43a24df7f5
skills/os_factory/create/brandos/factory-brandos-t07/ROUTES.json	972	982c983c5ffe5b76a0405f02502338ce6d0301064f6763006220750f94756b12
skills/os_factory/create/brandos/factory-brandos-t07/SKILL.md	978	1bd9a54e2e7c44a8d9fb4df4a965589de3e9fcfb35db957145e3d2f47eef07d3
skills/os_factory/create/brandos/factory-brandos-t08/ROUTES.json	896	c09a0dbc143c29de09a85a97772ae34a23df4814afca57ebeaf2baa01e5aa8c6
skills/os_factory/create/brandos/factory-brandos-t08/SKILL.md	993	6bd1e0230e7c5791d56a882c5fa20fc52d7f45f6ed3bcdf13ef14ea7708edff8
skills/os_factory/create/creatoros/factory-creatoros-assurance/ROUTES.json	954	09fddb37a444be177deaaafa666cdbd313e9c39544e52ad47ab526083f569ec2
skills/os_factory/create/creatoros/factory-creatoros-assurance/SKILL.md	1074	a95c5dcbb63f7f8aa015956ae0ce183407990b0535449caa156ce83bc1b74eb7
skills/os_factory/create/creatoros/factory-creatoros-integration/ROUTES.json	817	9728208cdb587fcf3da27ff172bb98f6aa20a8477e3df755f141dd9040203ef8
skills/os_factory/create/creatoros/factory-creatoros-integration/SKILL.md	1073	03ef68ea20fb1fa2e605d282b43ded219df8e7a5c2020032a209d0f355de4b58
skills/os_factory/create/creatoros/factory-creatoros-orchestrator/ROUTES.json	1794	1814f054bcd0ad536fec101e7788d3087251ceb675a0e7e4a1c99b286f8e77aa
skills/os_factory/create/creatoros/factory-creatoros-orchestrator/SKILL.md	1334	1ba9816c358b2e01d2e4d8aa7a3be0d8d515a9a18a8ff898b6baf6840f547b52
skills/os_factory/create/creatoros/factory-creatoros-t01/ROUTES.json	891	b75822594672e5257f868d4cdd50047532d95afef9bb6467383ac31014172060
skills/os_factory/create/creatoros/factory-creatoros-t01/SKILL.md	1044	f8861fac8d32b420e626f80a0d89c63da7c90b9c32e21dab54b82b8261f27c99
skills/os_factory/create/creatoros/factory-creatoros-t02/ROUTES.json	770	58173afb34091bff55416a843adf19c1b8a4ba01d1c6e7620c129ee598760510
skills/os_factory/create/creatoros/factory-creatoros-t02/SKILL.md	1020	c7cea239ac56e8801baaa4dfb8f647e4d8efd481ae80e8a986e8fdafbe444edb
skills/os_factory/create/creatoros/factory-creatoros-t03/ROUTES.json	795	3577bf45f00fb0d397d778cc88645ba8d913fe11aeca7407c4e3033ad61f0070
skills/os_factory/create/creatoros/factory-creatoros-t03/SKILL.md	978	43217712e9bf827f6ae4dbc015a7e89f7e17f9b32427cba8ed55a62ff7c01aa3
skills/os_factory/create/creatoros/factory-creatoros-t04/ROUTES.json	864	22a9be6aed8f4dfbd6d261b830f7987b1487fffdc5cc9c0c3257a0cfdce9547c
skills/os_factory/create/creatoros/factory-creatoros-t04/SKILL.md	978	24e16f15fa294ec83fd028156e524a0672608d8ecbfaa7b7160d14e7a964b6b6
skills/os_factory/create/creatoros/factory-creatoros-t05/ROUTES.json	901	2bded7bffab8a16c808c291deb5d95c44794c82cf14d005996382f08bbfa2b32
skills/os_factory/create/creatoros/factory-creatoros-t05/SKILL.md	993	7ef6b5ca1d0989f7fdfc7f825191c581ace23cf87bd16e6f06e526f57f27fbf7
skills/os_factory/create/creatoros/factory-creatoros-t06/ROUTES.json	864	540db99fa9c9b08dcfc328c963cc11de41ef466d838c4ac4c2229afda84a28db
skills/os_factory/create/creatoros/factory-creatoros-t06/SKILL.md	984	792266ebf5cbee8bfadec70a77aff6c60babdffda0bb82e1e514794af68e8924
skills/os_factory/create/creatoros/factory-creatoros-t07/ROUTES.json	831	696d0afe6b04f871733f3a37151cbe34ad0406e49556f3694b873a0fdcdb09d1
skills/os_factory/create/creatoros/factory-creatoros-t07/SKILL.md	999	fd9b5f840a99853d8244d7062dd54d79bf4f995ab5933791c1d484415173e6b7
skills/os_factory/create/creatoros/factory-creatoros-t08/ROUTES.json	863	7b5e7056cdafdfd88d2981ea22a99e849ca6db73551fb91c534d4120eda9cff7
skills/os_factory/create/creatoros/factory-creatoros-t08/SKILL.md	975	621a8dacedf9480364d6dc65a4a595812f763f1c8a25d173b8494dce67805ba6
skills/os_factory/create/creatoros/factory-creatoros-t09/ROUTES.json	845	9dd1fff8663cbdc5b750830d70e646e61d9044868f059e4254eaba2c40051dc6
skills/os_factory/create/creatoros/factory-creatoros-t09/SKILL.md	999	7e08301a4f76ccc5b86fa06b78d5ca00a813702c88b3f0a86706cc31bdbbb1f1
skills/os_factory/create/eventos/factory-eventos-assurance/ROUTES.json	929	ce759e8b5fc5b1e8cc696dbef2d1c5138f7e647725d8273e1d654db4e4957408
skills/os_factory/create/eventos/factory-eventos-assurance/SKILL.md	1068	8e508320266d5b6a3b08da34cc90f114fc8619029e82dd3cb1d3f603848c138c
skills/os_factory/create/eventos/factory-eventos-integration/ROUTES.json	838	43290e479578a49da70f6d270c58a1163b50948db3aa9aaf81972c5a38609f10
skills/os_factory/create/eventos/factory-eventos-integration/SKILL.md	1067	22d06c92d560d511e074ccb9a68061d94afc2d96b314b9ac228af8c4e6f34092
skills/os_factory/create/eventos/factory-eventos-orchestrator/ROUTES.json	1737	4664c56fafbf8c6b971d52c946dee7c3c84a1ba65f11862f9324a41e315fe3fa
skills/os_factory/create/eventos/factory-eventos-orchestrator/SKILL.md	1332	f2721f8baf79c264d6938ba98de4b44f63c68de184320cf3e83045231817e5d6
skills/os_factory/create/eventos/factory-eventos-t01/ROUTES.json	837	15912151685b9602baac91f4a76535a951353ff0f2c337b73c102ab51f4fdf4d
skills/os_factory/create/eventos/factory-eventos-t01/SKILL.md	1017	81e5997ec43d896006097b04f7c63ec8e70647930d416784f3e9a1dfa846b0d5
skills/os_factory/create/eventos/factory-eventos-t02/ROUTES.json	807	b80900c28ce1b58f69f7f68dbdff064eab9a6987a36c0da96b15825fff47a9d7
skills/os_factory/create/eventos/factory-eventos-t02/SKILL.md	972	fecddcda4b81726b94418cef3a31fd5e76160e4c371536c139a6c1faa2900d96
skills/os_factory/create/eventos/factory-eventos-t03/ROUTES.json	802	5f72d7c64e1ced0c3e7a884e17653d2b7002efb572de9ba86edb5ebad1513557
skills/os_factory/create/eventos/factory-eventos-t03/SKILL.md	996	eac6ae90836c87bbdc4e2119b9524a0c69075129720156bdfcce5dd43aaf65b0
skills/os_factory/create/eventos/factory-eventos-t04/ROUTES.json	831	8fb9733450bf7b26f5795d1a9c335ed7318aa7bf971f2cbf47196515be682bf4
skills/os_factory/create/eventos/factory-eventos-t04/SKILL.md	999	5c0c5a97299237079ce519f9e683f906fd26a210881882ba94feebbe84a898a1
skills/os_factory/create/eventos/factory-eventos-t05/ROUTES.json	891	b8dbab65c3eed7d2bcfa97ed9bec80afa8c30ec3a9973836d30dc1c26babaf8e
skills/os_factory/create/eventos/factory-eventos-t05/SKILL.md	1002	064ee8721fab9b4234bb10fe699a70253ecdbc79d3020bb4b29f830f7413686f
skills/os_factory/create/eventos/factory-eventos-t06/ROUTES.json	798	6f698191f0e136b8cf4190888605b267b52fa72b73461d09faa2395493db0770
skills/os_factory/create/eventos/factory-eventos-t06/SKILL.md	987	eccd260af2ae841fc1f3203301991dff9e9e9c6c98fec8fcd76aa8dbcc4b6bed
skills/os_factory/create/eventos/factory-eventos-t07/ROUTES.json	926	add81cbef608be4c9fe6805a0190cd5ba2e142597808329d1edb2326ddc09ed8
skills/os_factory/create/eventos/factory-eventos-t07/SKILL.md	987	cce2b35a6a7632414659417dbbbcdb19bd2b3a4302dcabab7b389c64988edfdc
skills/os_factory/create/eventos/factory-eventos-t08/ROUTES.json	803	3c79da3b9286c4d358b9213fe80f33e7000c92d0013002a1df30aba6529b1298
skills/os_factory/create/eventos/factory-eventos-t08/SKILL.md	999	1235ed2fb3063d60aa2ad280a8cfccf15ab389d04b758caefdeaabf699fbf791
skills/os_factory/create/eventos/factory-eventos-t09/ROUTES.json	872	3cf49557fe59dda23373e70e6b96948105e4b56a86ba1f3e9dc722675e282813
skills/os_factory/create/eventos/factory-eventos-t09/SKILL.md	996	20292cb70cada405bfb4d4e566f4eb86518eafb1ba548863373cc3978601fd43
skills/os_factory/create/mediaos/factory-mediaos-assurance/ROUTES.json	864	4867fc2fa50d0fe47b8ae6197e2ed669cdf7d1aae9bce375f298978d78a3701e
skills/os_factory/create/mediaos/factory-mediaos-assurance/SKILL.md	1068	990a9fa943159700aad24c599c772834eed363a82eb0f8604511880660fd087d
skills/os_factory/create/mediaos/factory-mediaos-integration/ROUTES.json	813	95e948efc4adbe40c1bde36079846ca6465596fb7aa0a55c8051f3a753b84360
skills/os_factory/create/mediaos/factory-mediaos-integration/SKILL.md	1067	2712589de077cf1f885ba04cfd80aeb123f09cb4d2dc843d673b28be695137c3
skills/os_factory/create/mediaos/factory-mediaos-orchestrator/ROUTES.json	1619	86126d076e872382de0558a1003327ad6f6855875d75ba012a027663034f2068
skills/os_factory/create/mediaos/factory-mediaos-orchestrator/SKILL.md	1329	2efbe8ed9a42e53201d7a4f678852d400e33fb8d194bd64b5dc9a7a5d65eb7c6
skills/os_factory/create/mediaos/factory-mediaos-t01/ROUTES.json	835	93c7ee0441033ee145e83e693c455d8f8a1f81560a7bc67f0c3f096cc3b6fb13
skills/os_factory/create/mediaos/factory-mediaos-t01/SKILL.md	990	96c56e0a1a06f8063f05a1f299d01bab5e3dded043cd819935ef9deb37a75055
skills/os_factory/create/mediaos/factory-mediaos-t02/ROUTES.json	810	2e5c55f750f9802252de72e9272c0540708a4bdac477dc49c04e43fa4a98c027
skills/os_factory/create/mediaos/factory-mediaos-t02/SKILL.md	1014	744d0455969eecce4a9f08a5fda2314f2e759f8a2b2e8e5adc166b56e08a3f6a
skills/os_factory/create/mediaos/factory-mediaos-t03/ROUTES.json	843	5646bec030b81c6f9e8542540f527f8c2de0f9220d91c48cff783b5a864bc7bc
skills/os_factory/create/mediaos/factory-mediaos-t03/SKILL.md	1005	f2bee9949b7de4de687bb4eb5d20292e998e3bdb714dac18a42bb2c85481ed57
skills/os_factory/create/mediaos/factory-mediaos-t04/ROUTES.json	789	be03d38fb4eda9d878107212773ff2ffda06faa9c78a079605ee046952e268b8
skills/os_factory/create/mediaos/factory-mediaos-t04/SKILL.md	996	6220887c67e5b53842e7df0993fc8ca11c95851784588b6431f4d5b7edd8dcf2
skills/os_factory/create/mediaos/factory-mediaos-t05/ROUTES.json	805	d65832525dc0af6d8fe5ffc7391c534b5f0777b1f0d8d224f801adeb955d5e12
skills/os_factory/create/mediaos/factory-mediaos-t05/SKILL.md	993	ae497817cbf0ca511418eea46bef9bdc3e70be35745eb596a33ef98bd607ff2f
skills/os_factory/create/mediaos/factory-mediaos-t06/ROUTES.json	814	64b01c9006e733b358d240ea09a9f04b017c4a476c046bd3e8681c6b53f276e7
skills/os_factory/create/mediaos/factory-mediaos-t06/SKILL.md	972	5841c7b01211b19f1083798c05a6607abc8c515c11b52fd9d431eafde8ff765c
skills/os_factory/create/mediaos/factory-mediaos-t07/ROUTES.json	836	eb65ed7b7cfed35ac5da180608898ffe45170acf70750e96d00bd0704022e4ea
skills/os_factory/create/mediaos/factory-mediaos-t07/SKILL.md	978	cf6e6146d4607cdb275e2c0649dc3ccdddf7e00a87c3c7eb429fcf75c7741209
skills/os_factory/create/mediaos/factory-mediaos-t08/ROUTES.json	912	eac6e5c996094c2e708d9efa2303369140010c9934e246d2d05eea621845828a
skills/os_factory/create/mediaos/factory-mediaos-t08/SKILL.md	996	1457d8cf6a9737aef49dcad8a101989e74cf3880207426511649903b3ae38d2d
skills/os_factory/create/mediaos/factory-mediaos-t09/ROUTES.json	819	5a5c104f463654efa0078fefba5813584571bbb502b617a01c48239a329c9eca
skills/os_factory/create/mediaos/factory-mediaos-t09/SKILL.md	1005	1bb9207e3424feea85286da8c743984ce3e91331c3928121e9660593ed8c28cc
skills/os_factory/create/studioos/factory-studioos-assurance/ROUTES.json	756	3e177de36354939617908369833fc9ca6d25a31d15dc81cd514a4b5330d269e3
skills/os_factory/create/studioos/factory-studioos-assurance/SKILL.md	1071	0f0c8f9aaaf92db82f51fe02dd2e0d53fc8a0129fe8477451b9bc88ed7ddc1c2
skills/os_factory/create/studioos/factory-studioos-integration/ROUTES.json	726	9c8ed693c849e5c11d397d9696f3dddce4fb55ab82beb0b87fcc58013b14ddb5
skills/os_factory/create/studioos/factory-studioos-integration/SKILL.md	1070	a875d312008ef9e0d48d341293d8c3767280b3d419ff1fa55bf902a07a863baf
skills/os_factory/create/studioos/factory-studioos-orchestrator/ROUTES.json	1600	91565b4ebe3d132980b50e11cc599fb375d34bffc009f0b9a3df3892ba62c551
skills/os_factory/create/studioos/factory-studioos-orchestrator/SKILL.md	1336	0a957f52d85ecd55531abeb2242e77f0fa122e51d3bd8f4d3cf8e9669a0ecc9c
skills/os_factory/create/studioos/factory-studioos-t01/ROUTES.json	766	99e94a0f1dd78775ad0ef01fa2371cf331df96f970c4aef2db79ff169febf9af
skills/os_factory/create/studioos/factory-studioos-t01/SKILL.md	975	92562a16df52ba2fef3cabdfa3076ede61a34c403028c74e352da8ca8b9d28a0
skills/os_factory/create/studioos/factory-studioos-t02/ROUTES.json	782	b98e69832be819d44fff30589fb1ae6fe3edb5408033adc9109255f258d6eea8
skills/os_factory/create/studioos/factory-studioos-t02/SKILL.md	978	63798a5e670b91ba22dc17b80617ccef29d3fe15a0226cd2a6f7e97692e3a331
skills/os_factory/create/studioos/factory-studioos-t03/ROUTES.json	673	2aac714dcae417d3b3ec4e170eae0a4348aeafd1011ceb8b50f859e40737a6ea
skills/os_factory/create/studioos/factory-studioos-t03/SKILL.md	981	88c7a68e7942b36cae52c583982db53e21dd61a9aac09867eadc51b705f4a077
skills/os_factory/create/studioos/factory-studioos-t04/ROUTES.json	759	5447926595541515fe5febef54ffeb5751f0f26ce7aa07724672c8746076c6d6
skills/os_factory/create/studioos/factory-studioos-t04/SKILL.md	987	7e6bc79efcd642b5f47437b477a68ec92e0e05ca255e4f8d5e76f582810046d3
skills/os_factory/create/studioos/factory-studioos-t05/ROUTES.json	788	cf7ce31819a80d3200f3abbb7f1286deabd737ffc47b8c5fb4f4da03f1db812f
skills/os_factory/create/studioos/factory-studioos-t05/SKILL.md	975	47ab20e71adb8e44c27eeb6fff685c9f5770e0fe780b7fcb85cf50cd1b539708
skills/os_factory/create/studioos/factory-studioos-t06/ROUTES.json	787	dd10ab1d3c64a673dbd4e90178d5861a52503779c5b8c7d68953366157826723
skills/os_factory/create/studioos/factory-studioos-t06/SKILL.md	990	31d115c4004da90386a29c05e2dfca49b21b332d1c8756651f5eb1a437e71437
skills/os_factory/create/studioos/factory-studioos-t07/ROUTES.json	749	c25a2d32d64118d1a6650aa73fd08331af71082f30a5dc64675d9054c5c02d0b
skills/os_factory/create/studioos/factory-studioos-t07/SKILL.md	987	bb2422f99de70e0e4cb147277cebc10e850b0e9922b4e8e5377545eeb1b4f52e
skills/os_factory/create/studioos/factory-studioos-t08/ROUTES.json	826	96cf2a4b5ed7a7386a04bb457a45febcea7a5938bdbe5c00384b03baca0243a2
skills/os_factory/create/studioos/factory-studioos-t08/SKILL.md	981	eff6cb1e260fee0af0c1962d186de65839173e52c200eff211099d98452996d5
skills/os_factory/create/studioos/factory-studioos-t09/ROUTES.json	751	7f98086be108726db7dc6afc9731635c807b44d40507b4d6d773df21e07cd1d4
skills/os_factory/create/studioos/factory-studioos-t09/SKILL.md	1026	2b864dc8d88ffe37567225a902844a750248483740a3d682e074e17b9f71adcf
skills/os_factory/invest/capitalos/factory-capitalos-assurance/ROUTES.json	914	a59a657ae217a31212fa16b753c6f4d11c58314ea2b8584000e7b82dd1adc48f
skills/os_factory/invest/capitalos/factory-capitalos-assurance/SKILL.md	1074	838561af222f70c1ec13847ebadafb21a573f44bb407609a6c3a41d7ed9fd26c
skills/os_factory/invest/capitalos/factory-capitalos-integration/ROUTES.json	817	cd16a1f831921d330ab91e090275e1af6a021a54d51444142f541ba5610b767c
skills/os_factory/invest/capitalos/factory-capitalos-integration/SKILL.md	1073	c345e0b627dcb66a8c120e8d058064dab6d446d5bada1c4d7e489e555fcbd151
skills/os_factory/invest/capitalos/factory-capitalos-orchestrator/ROUTES.json	1879	07c11551748d5256f6b570d6a4cff1d2ba06faf96496375d626aa5ca6941bb59
skills/os_factory/invest/capitalos/factory-capitalos-orchestrator/SKILL.md	1322	01e5f0a97f489a07161c5841aae1e08599c4101c618103ff0c07f333988e6c8f
skills/os_factory/invest/capitalos/factory-capitalos-t01/ROUTES.json	961	a249db400c9a2b69cd531996f4c690cfd29427e4b553482c53840fd5f72746bf
skills/os_factory/invest/capitalos/factory-capitalos-t01/SKILL.md	996	e4c5feee339fb5d9ebad5ab20b934ceee1e0b5c84bfd2a451cbcc9a022de5a8e
skills/os_factory/invest/capitalos/factory-capitalos-t02/ROUTES.json	964	f5c85d297fd213865dd268c55108cd149f75e197fbeacb57cf4243b2c23da0d0
skills/os_factory/invest/capitalos/factory-capitalos-t02/SKILL.md	987	1bf4ed575a854a54595fe443f2c70b25984ec4e4aab48319ed3d7ead6b1a7709
skills/os_factory/invest/capitalos/factory-capitalos-t03/ROUTES.json	975	45ea16c3ac1601b630b1d8456ce1bba778076e09672ec32a078a09bf677e461d
skills/os_factory/invest/capitalos/factory-capitalos-t03/SKILL.md	1014	e9c3bdb4ce6dd8c1d4de1b345fd783549c2678250b16e0c3c23bdcd2dc0f71b7
skills/os_factory/invest/capitalos/factory-capitalos-t04/ROUTES.json	937	f4242c98140910daaf658a0778263e2c7bb1fcb19a8e0f2ffc8dfeccceb1cbcd
skills/os_factory/invest/capitalos/factory-capitalos-t04/SKILL.md	993	8eded57125d17bc7d1688ccccfbe113dd35cd33bb0490c9370f2ac5df1344411
skills/os_factory/invest/capitalos/factory-capitalos-t05/ROUTES.json	946	44bf799fd08fc35755c062a74636a8b7428aa574297dda2756934cad89c0ac1b
skills/os_factory/invest/capitalos/factory-capitalos-t05/SKILL.md	975	a7342016602511dacfde68bd15939cde09e74df51020e0f7863f7688216403ba
skills/os_factory/invest/capitalos/factory-capitalos-t06/ROUTES.json	955	87ae46ea3979e1b0d8f41743bc450beef6747e8fea1f6fdf72eff3cb7d0b4f7e
skills/os_factory/invest/capitalos/factory-capitalos-t06/SKILL.md	993	2f93066f03d88224aa43db094431964be0864b7bcf30009e5d9dda25c28b935b
skills/os_factory/invest/capitalos/factory-capitalos-t07/ROUTES.json	938	29dfe4d06e58f355c41c308c3ee5b16b2ada67233cb6f81d164274f36e73dc34
skills/os_factory/invest/capitalos/factory-capitalos-t07/SKILL.md	969	e206e753f4bd1939d2e4cc11f4d46320afa5546a9c58b67731750fb911947175
skills/os_factory/invest/capitalos/factory-capitalos-t08/ROUTES.json	943	966d1b7a358eb76ea8cd776c5ee00fc571dcb0c1b53098c4a390cb3ffe6ef644
skills/os_factory/invest/capitalos/factory-capitalos-t08/SKILL.md	1008	73baa909462c3a46feb97cafa0058ebe95ff12bbe0824e5c9e5b6d63f2903ce4
skills/os_factory/invest/corpdevos/factory-corpdevos-assurance/ROUTES.json	924	bda1f89b6fcd745cbc0813256468e786946c23685b50b1e3ad994cf11b89a75f
skills/os_factory/invest/corpdevos/factory-corpdevos-assurance/SKILL.md	1074	acb6d3c7b6ecb0effc93ca2181ba8eb51669d49a3cb0aac723aa653d24d87669
skills/os_factory/invest/corpdevos/factory-corpdevos-integration/ROUTES.json	862	6497694fcf4d317e719b368c84bfc064962a5eb759dfef11fb32d10898f46fbf
skills/os_factory/invest/corpdevos/factory-corpdevos-integration/SKILL.md	1073	967597b28d06e0d104d260eba6be68f51d401410ea5fb9b85824417e972da998
skills/os_factory/invest/corpdevos/factory-corpdevos-orchestrator/ROUTES.json	1893	a164338944622fe19924fd2dbe3d6e222dbe38b05380ba5129d382dc84db3232
skills/os_factory/invest/corpdevos/factory-corpdevos-orchestrator/SKILL.md	1323	f2253e7ba0d5dfbcab7b6655176f5d72104c270f80e56dd74e49173e7d9b5f3a
skills/os_factory/invest/corpdevos/factory-corpdevos-t01/ROUTES.json	941	b6c17284f027451ad4bfa493bf8227272b81d89301d752ac957a637701e50856
skills/os_factory/invest/corpdevos/factory-corpdevos-t01/SKILL.md	987	810e384447caed7ac5489183a64e8f57e0ffbba78ae2c2e81b32b167c022fefe
skills/os_factory/invest/corpdevos/factory-corpdevos-t02/ROUTES.json	892	77c85212f30df60ec53e2fe7687a8cd28299212c61d0b48dc2337e1c68f37da2
skills/os_factory/invest/corpdevos/factory-corpdevos-t02/SKILL.md	1047	371f2ae885b33dc83c01be73ca2075448bcbf63621c6272dcb82f8faa9f55cb2
skills/os_factory/invest/corpdevos/factory-corpdevos-t03/ROUTES.json	845	bb14fcd5ab734129eb1d34a008be35a63558691f2f919c2b220f4c4ed8bba56b
skills/os_factory/invest/corpdevos/factory-corpdevos-t03/SKILL.md	993	e7aedf4b8b83d9598d973b3f885749a38369be750b17c3894a02b35bef8c01c6
skills/os_factory/invest/corpdevos/factory-corpdevos-t04/ROUTES.json	994	895316c5879bb585662a8eb499b09d88f500c16dd78d8db2dace0a5b1a2ffccc
skills/os_factory/invest/corpdevos/factory-corpdevos-t04/SKILL.md	975	14bf5250c3a7ad71557cd7d9be84734e1414f147e59e94d122d75991db4dca4f
skills/os_factory/invest/corpdevos/factory-corpdevos-t05/ROUTES.json	966	4351ea2e7c12af20a4208c02635e66de92430bbd909ce46b662c0f9bcef9ef77
skills/os_factory/invest/corpdevos/factory-corpdevos-t05/SKILL.md	975	f4519bde704448d7f9385576eb98226cb1cf3000554ba5e43efdcfc740f2324e
skills/os_factory/invest/corpdevos/factory-corpdevos-t06/ROUTES.json	962	33378b8b8cb81aa3082aaf8c3fbdb23a2969eca989259252e8e50d53db4cd44d
skills/os_factory/invest/corpdevos/factory-corpdevos-t06/SKILL.md	1005	7d7f847249b38e6eaca46d6c5901ec99ff7e0ac2cb24ec241160995f4cc46ee5
skills/os_factory/invest/corpdevos/factory-corpdevos-t07/ROUTES.json	949	4a57814955d63a08e1d39e67b9909bd83c437fe6fff59be060d4001e6634e540
skills/os_factory/invest/corpdevos/factory-corpdevos-t07/SKILL.md	1002	8a3fefd2fc1d09168268ba63ba3f762e664b2c9aaefb4b437e4f285322c5c89c
skills/os_factory/invest/corpdevos/factory-corpdevos-t08/ROUTES.json	1002	f5475688571f8bff0764a4b7abe9cba2a249cdc4ec727f54fc270971ead554a4
skills/os_factory/invest/corpdevos/factory-corpdevos-t08/SKILL.md	1029	751d30e3c4dfef078b61c3b0ab0dd60b82caab0c5ef0c341d21cbf2e81082c7e
skills/os_factory/invest/fundos/factory-fundos-assurance/ROUTES.json	936	f8382550b1fe6d24badea4da29fdec80cb5cbee28c654448d628fc71b5444e1d
skills/os_factory/invest/fundos/factory-fundos-assurance/SKILL.md	1065	ecd91cd001de33d2c79c135299fec4f5a2ba4e31669ce6e1ede8ceb41eadf4e3
skills/os_factory/invest/fundos/factory-fundos-integration/ROUTES.json	884	298d678050da042a0daed00e3b3c8f10e0c9a253a4b295fa4f8c9cfd8cd444b0
skills/os_factory/invest/fundos/factory-fundos-integration/SKILL.md	1064	312eca536873eb144bdaa370e6d897436136ff11d522f7d7ec385b34235b92cd
skills/os_factory/invest/fundos/factory-fundos-orchestrator/ROUTES.json	1876	62a3ef2131d9bce6050139e146c1b871b5b24bc1bdcc0bd83985ecf499d8f1f7
skills/os_factory/invest/fundos/factory-fundos-orchestrator/SKILL.md	1304	ff9adcb3cfaec24bc4d4b56edb0d0261f71a499ad953745af63bfd8121cee92b
skills/os_factory/invest/fundos/factory-fundos-t01/ROUTES.json	849	8ca24ac0220c3be249df5ce742a8d31efaea119ac5272ebc76506e54c9dd7772
skills/os_factory/invest/fundos/factory-fundos-t01/SKILL.md	987	86b018554b3865ff854904782787436148312ee9c2656bb76dc7a01d12eaf869
skills/os_factory/invest/fundos/factory-fundos-t02/ROUTES.json	920	f2badb469031a8ce5d92bc061e3cd937b9e25eca8407a2d66f6205fcd889d567
skills/os_factory/invest/fundos/factory-fundos-t02/SKILL.md	963	9f7b73b70b19be575a89ba5cc5bbf81425aa4a4bbbae5a32457adc25e5d8746c
skills/os_factory/invest/fundos/factory-fundos-t03/ROUTES.json	947	f20405e82f14870f6da9c1eed2c02020515e995429a18f7a73b4c6a14ac7e87e
skills/os_factory/invest/fundos/factory-fundos-t03/SKILL.md	981	8ce1bb8f5ba221bcfbbf30dcb7f9bdfa46027e9aa3c5720b084f24e9db36ec4c
skills/os_factory/invest/fundos/factory-fundos-t04/ROUTES.json	872	cd45cdec38c51d2cfa489117664cc8e34944a27e665b640c61526d9346150603
skills/os_factory/invest/fundos/factory-fundos-t04/SKILL.md	1005	75cc9ba2d71a12f530c0e1f0b4baa438dae798eef31a36619d1e78476e2ed5ef
skills/os_factory/invest/fundos/factory-fundos-t05/ROUTES.json	903	5b4845fd752473aa7159beb520654fd8d108bea584622a4d5de5ab8530794944
skills/os_factory/invest/fundos/factory-fundos-t05/SKILL.md	969	55d12242c58902bcd74d8b80610785b4d1d61c53bbf6cdbbb8b39d0af48a76bb
skills/os_factory/invest/fundos/factory-fundos-t06/ROUTES.json	867	b0bd330b45101c4ed4d9f41c67132eeffbab4c771b090888bc2decde97159544
skills/os_factory/invest/fundos/factory-fundos-t06/SKILL.md	1002	03c15c5a62d5f4ad8719dc8896340807f6304420dd3b302ec483ad900928a4b4
skills/os_factory/invest/fundos/factory-fundos-t07/ROUTES.json	895	1b01cb3873ee7b626887a3e1fab612f22fb22411f16f802ff94794eec33bbdea
skills/os_factory/invest/fundos/factory-fundos-t07/SKILL.md	975	d7da572ace47384ab11231808af29c33dbdfca1e6e3aecc09945716ea70a40e0
skills/os_factory/invest/fundos/factory-fundos-t08/ROUTES.json	915	eb785024ed8c551c2306bfe6b7ee3df08286ad5e92ec7f208beaa57fac751aff
skills/os_factory/invest/fundos/factory-fundos-t08/SKILL.md	993	ec86bebec046dc6634967c8e070a91c31153b4c89e1e061309ec5d2c86dc61b8
skills/os_factory/invest/fundraiseos/factory-fundraiseos-assurance/ROUTES.json	856	d4ed53ebe92913ea01af078d12f07a9ca2db2365c61fec12c98c56a9ca306626
skills/os_factory/invest/fundraiseos/factory-fundraiseos-assurance/SKILL.md	1080	24e082d73828fc4b95dec99c81ec26295c224c0f2f853ad21aac782188129cb0
skills/os_factory/invest/fundraiseos/factory-fundraiseos-integration/ROUTES.json	799	b3878b1cb60b43da80ead7670d29d2436c51a40fb9c6c15ea2f8c09eae09a6b4
skills/os_factory/invest/fundraiseos/factory-fundraiseos-integration/SKILL.md	1079	cd02885fa99d3c768365e840cde1a8c3b1ad3e9f6d8f8cb5f0efdaa6317bb93d
skills/os_factory/invest/fundraiseos/factory-fundraiseos-orchestrator/ROUTES.json	1751	36021bad386d7a4543f57b017ed29456e54632e1bb39097ed89ef69a2a4378c4
skills/os_factory/invest/fundraiseos/factory-fundraiseos-orchestrator/SKILL.md	1344	2de1c42dbab07928d3e2877f989f0562f237b7279316a684a75981c58f66bfa5
skills/os_factory/invest/fundraiseos/factory-fundraiseos-t01/ROUTES.json	812	c8596dec9d36947efc2ee32297c32660bd141039afa233a9213693ba331b6d89
skills/os_factory/invest/fundraiseos/factory-fundraiseos-t01/SKILL.md	996	f289003e28ac3863461b40992759283d1df6d03efd6abd02dd7ec88ddc415f7c
skills/os_factory/invest/fundraiseos/factory-fundraiseos-t02/ROUTES.json	880	9d7ee6c92e21af2beb66047819b7b9c7a32e79a2b997f750f65cc367eb27711a
skills/os_factory/invest/fundraiseos/factory-fundraiseos-t02/SKILL.md	1005	b23377c774c2c6b5c847a5700d5f3196fb56a4bb737819b176d605e7726b0665
skills/os_factory/invest/fundraiseos/factory-fundraiseos-t03/ROUTES.json	869	418cec2fe12c53fc3acfb6475f62ae99a1f647ebfb2f2ac38b926cdaaa479cfe
skills/os_factory/invest/fundraiseos/factory-fundraiseos-t03/SKILL.md	1017	dd54d7eb4dbbec24601837c80b0d9c77fc0bbf3f8b06b64d6cbbbf50097aa302
skills/os_factory/invest/fundraiseos/factory-fundraiseos-t04/ROUTES.json	879	91f4d5e8bfd2d38a7b49eb7b8f7d928f6c228290070d58d27f84279356bd6832
skills/os_factory/invest/fundraiseos/factory-fundraiseos-t04/SKILL.md	978	e3abc1ffb75751c5c90e92aa5d3f525649a207d4a5c0fe2594bbfc5748761ac0
skills/os_factory/invest/fundraiseos/factory-fundraiseos-t05/ROUTES.json	875	211f91cd4a1e4765c46155ed14c3559b1c2c2b39fbbfe35e481a3d0f223ce171
skills/os_factory/invest/fundraiseos/factory-fundraiseos-t05/SKILL.md	1002	b66dbdf893445abe9de53644c374080425fc89d973ca480426d959e6d223262f
skills/os_factory/invest/fundraiseos/factory-fundraiseos-t06/ROUTES.json	885	000bff36fd1da388937eda60a2935dcd7a87a1022ac8bfe142b27a5c6e8a9787
skills/os_factory/invest/fundraiseos/factory-fundraiseos-t06/SKILL.md	1011	1fe57563bdd768109e61d0002f820f721c6c01034a434b93c9b1b2b24a02dfe1
skills/os_factory/invest/fundraiseos/factory-fundraiseos-t07/ROUTES.json	904	24343cbbbc512815ec99e5cd2ed7d72ef82899c905cc0cd13020811065e09e6c
skills/os_factory/invest/fundraiseos/factory-fundraiseos-t07/SKILL.md	1011	434f960cdfec39bed156a62038062d6b1668c73ddaeee0ccea1792801e5b2a62
skills/os_factory/invest/fundraiseos/factory-fundraiseos-t08/ROUTES.json	876	a0eb48fd51dd64ec745430544501ab2e7969044a271dcdb7e3a507b1b82e8674
skills/os_factory/invest/fundraiseos/factory-fundraiseos-t08/SKILL.md	1032	cb5060dd701a6c288ebafc72dcb0a15d05da507a4124338dc0675d3f578d0c25
skills/os_factory/invest/mandaos/factory-mandaos-assurance/ROUTES.json	913	4b657588988e5c6bbb92360dcf7288903f41060ea4c67c9d023312429a3dda69
skills/os_factory/invest/mandaos/factory-mandaos-assurance/SKILL.md	1066	242ed4fb9fd4e0f799f3461026a552997966619f017e2a642a27fe318e3223b6
skills/os_factory/invest/mandaos/factory-mandaos-integration/ROUTES.json	860	b2b0c3df83910a6e4581fba76fe4317bc16633b8536c3b1e0948d701efed7379
skills/os_factory/invest/mandaos/factory-mandaos-integration/SKILL.md	1065	b664910f63897bdad2be7f08b15e9f44be380b81dfdc24a4f83dae92e0dd95b0
skills/os_factory/invest/mandaos/factory-mandaos-orchestrator/ROUTES.json	1962	c828ffe440e2443285e4a1e7cc5cf80017cc1023a2d4d161e79c65676549a400
skills/os_factory/invest/mandaos/factory-mandaos-orchestrator/SKILL.md	1325	9fa0c98bcbfbbbf0dc79c5442126193310d5c577e0e5da5de4fd0f3bd97b96b4
skills/os_factory/invest/mandaos/factory-mandaos-t01/ROUTES.json	899	31b5b736574e6b1154e0ceca10cb421f7145492e8b52e2202d5a0c8069b2fba2
skills/os_factory/invest/mandaos/factory-mandaos-t01/SKILL.md	988	b03370cb43792b2f23b0113d54fdfcadfb8ad89b7b5d0c14e25949254d19ea81
skills/os_factory/invest/mandaos/factory-mandaos-t02/ROUTES.json	975	affd24c0a31bfa102fcefc939bfb65704fe899f6d4deef4be8ecdd6aafdbb4ce
skills/os_factory/invest/mandaos/factory-mandaos-t02/SKILL.md	988	e936ff63801061f0c2e34d75972bf002aea5195c98e7b88307f9ae19a160151d
skills/os_factory/invest/mandaos/factory-mandaos-t03/ROUTES.json	973	eaf4e782385a313f5283a797c56952e184bec641b5339decef54d84c8def3734
skills/os_factory/invest/mandaos/factory-mandaos-t03/SKILL.md	982	620fa589b0dcc80d7962352a5bca29a47656edaf921c8fa111d89dfcf5827fe3
skills/os_factory/invest/mandaos/factory-mandaos-t04/ROUTES.json	990	397af15a63de455724da9ced55785823547335648b86ccc5255f24424c5987da
skills/os_factory/invest/mandaos/factory-mandaos-t04/SKILL.md	967	02ea3382c32ef2982525998cd7607d62def76ebdc47f39115eb0a7aa29c3f397
skills/os_factory/invest/mandaos/factory-mandaos-t05/ROUTES.json	967	3c5f50d6956a6c45c17ee102009d4ab10223acbf3be4b77ea4d848350e12f4ea
skills/os_factory/invest/mandaos/factory-mandaos-t05/SKILL.md	997	d8be700633217a84a3504c24e174912d43372a25fec7a3206b5c9314aec7ab56
skills/os_factory/invest/mandaos/factory-mandaos-t06/ROUTES.json	930	6f68fc12875d88b1f87aa05fa353dbae0835150a993918a0169785b9ad6e0532
skills/os_factory/invest/mandaos/factory-mandaos-t06/SKILL.md	988	9d104ead4322bb7329286f5c655a5a53796c25d6090b8e218cf8963e15ffff96
skills/os_factory/invest/mandaos/factory-mandaos-t07/ROUTES.json	971	ffbc584a8c16f05604dd0a7b8a290aa49158dcf2b8a7e50752587e0db97bc700
skills/os_factory/invest/mandaos/factory-mandaos-t07/SKILL.md	1000	9ba80d7578ab52fb53341b6e7e19b3e5d270bc4f0b089658c6022ce7ddd96f38
skills/os_factory/invest/mandaos/factory-mandaos-t08/ROUTES.json	935	29518562829fbf6406981fd620e605caa8dca6bc5308a10ece20586712b6375f
skills/os_factory/invest/mandaos/factory-mandaos-t08/SKILL.md	997	31be30a7ca21b2c8c328bf4a27178108addf3e831cd4634168592f26e00a716a
skills/os_factory/learn/acceleratoros/factory-acceleratoros-assurance/ROUTES.json	838	a368db8d81c5512a6fa5b55227af8d98405e713e67746f8194bc5c405e5849b7
skills/os_factory/learn/acceleratoros/factory-acceleratoros-assurance/SKILL.md	1086	ceee233ac18ccb428e5e8db6fd5a913d81cf6c4952bdec6de277e4eb4d08e086
skills/os_factory/learn/acceleratoros/factory-acceleratoros-integration/ROUTES.json	832	41fa51bf94d397cd24c0ae82d78d8e655d463e0db0de502d0106b84b6ee4760e
skills/os_factory/learn/acceleratoros/factory-acceleratoros-integration/SKILL.md	1085	aa08eb5581eff8ec0cc79ce3987c55759cb7ddf56ca702994db471a9166cdff0
skills/os_factory/learn/acceleratoros/factory-acceleratoros-orchestrator/ROUTES.json	1617	8cc0553b701a3989730b9421359b64dd0f38ec57e03e6e5d0232cff8f967eee6
skills/os_factory/learn/acceleratoros/factory-acceleratoros-orchestrator/SKILL.md	1354	ef1fa6325d5e0e5ba6c473bc18fbf53658e3bd232ea25e978692067876027c02
skills/os_factory/learn/acceleratoros/factory-acceleratoros-t01/ROUTES.json	863	194454af30cc4857b4e865a4d5e61545176748c249bfd152109f222313c88676
skills/os_factory/learn/acceleratoros/factory-acceleratoros-t01/SKILL.md	1002	71296bed4c50fdd0b6459f44defcde94913fa07a990e3b07161e56770f5c6a65
skills/os_factory/learn/acceleratoros/factory-acceleratoros-t02/ROUTES.json	903	d04cac3e6e78e7a3b0044fd1d66a546c61b1dd14f656eb90a62deec1fa75379f
skills/os_factory/learn/acceleratoros/factory-acceleratoros-t02/SKILL.md	1005	b0b5d6c7da18edb80dc37b432af2a9542fde04547c785d5c6768ccedfb7eb848
skills/os_factory/learn/acceleratoros/factory-acceleratoros-t03/ROUTES.json	894	e9cdc4c7999d378207ba01293ad5a2aa9ca98dd02c7a07fafc6f9afb1f1993e3
skills/os_factory/learn/acceleratoros/factory-acceleratoros-t03/SKILL.md	987	40978ddf61c96082278a9de06c8077509aff59f12f47c1f6c5d14bcff95eef4e
skills/os_factory/learn/acceleratoros/factory-acceleratoros-t04/ROUTES.json	652	4f5a9f674c395c5cb76ce8582d80d33c5e5d796e00a4e15eddf239feafe7919a
skills/os_factory/learn/acceleratoros/factory-acceleratoros-t04/SKILL.md	1044	2e1df647b09bdff9cbf84fe0786cf43097bb44f5f64ad50639cbe82e0ade06f1
skills/os_factory/learn/acceleratoros/factory-acceleratoros-t05/ROUTES.json	865	59c1077a1def82040e227f6ba999785e1c122f92775b2f7bdf708221c8a8a90d
skills/os_factory/learn/acceleratoros/factory-acceleratoros-t05/SKILL.md	990	d6d4c2710b1a90ebc6d30e15b4715cf70a80d38b305866a4327f024f6318fdf0
skills/os_factory/learn/acceleratoros/factory-acceleratoros-t06/ROUTES.json	907	e958f34150d4404eb6d472da64f192af0b3aac765f5bcbf646f5804a1dea1660
skills/os_factory/learn/acceleratoros/factory-acceleratoros-t06/SKILL.md	1044	6df07a5f0e8cd2fc14b3c7a0f3367badc5e16b662833c514e4b4d9b10bf7ff8c
skills/os_factory/learn/acceleratoros/factory-acceleratoros-t07/ROUTES.json	883	265d306df61b57fe55aa0ea47d61ffe2645c6d3f096ff0aab14b194176b1a363
skills/os_factory/learn/acceleratoros/factory-acceleratoros-t07/SKILL.md	1002	641efd7bc1feebcf3840377f1f5fd12fe37cf1d2394e15355120c3d99ce07bab
skills/os_factory/learn/acceleratoros/factory-acceleratoros-t08/ROUTES.json	899	8c250d6df697e581f28704e642b563031d9d0a88a386743facf58a0736c75924
skills/os_factory/learn/acceleratoros/factory-acceleratoros-t08/SKILL.md	1005	cc0143cc01c30f96d37d26ea9dbed1f7717a3df3da18ae775616023e2b8e4946
skills/os_factory/learn/educationos/factory-educationos-assurance/ROUTES.json	918	5357190d05f2fcb642d3365f3c8a73733e4f4f780128ebee654f7fb8be1f9900
skills/os_factory/learn/educationos/factory-educationos-assurance/SKILL.md	1080	51bc1037173734ab713bd14bf6c45304701e29c9257bf98f863dabcbc198de3f
skills/os_factory/learn/educationos/factory-educationos-integration/ROUTES.json	927	baf7ad4efe8627b553197b362c06067ea7e44821bf854e21466fa388e783c1b0
skills/os_factory/learn/educationos/factory-educationos-integration/SKILL.md	1079	e664444d90b6d8109e1e9b0bf5307b111a2e5adb6a3c743daa22c34eda100848
skills/os_factory/learn/educationos/factory-educationos-orchestrator/ROUTES.json	1831	4f117a4af569e75aee8bff91c8831474e051033b83243eb45c43377c6c636ebd
skills/os_factory/learn/educationos/factory-educationos-orchestrator/SKILL.md	1347	03bd7f3ba6970efea7e1f9367c78f8af8d1caf5e74f660cc5b68f6e1480f21d4
skills/os_factory/learn/educationos/factory-educationos-t01/ROUTES.json	907	3cbb6e28dc3fc573a7a07dbcb8a6c735c3331d1f033ae7848120cad342d80c49
skills/os_factory/learn/educationos/factory-educationos-t01/SKILL.md	1020	e4a62f53a080bd679e50dbaf8a60cfc976475784429b230cefe27b96505d5a06
skills/os_factory/learn/educationos/factory-educationos-t02/ROUTES.json	842	834533fe985d2cb7de05ce15909590df7e0fe9a6bd8cd7f2431101db32eba680
skills/os_factory/learn/educationos/factory-educationos-t02/SKILL.md	1008	d0739207fea7dc589cdfb41896ba296bb33cb01b866d0f070d80c7be8184f863
skills/os_factory/learn/educationos/factory-educationos-t03/ROUTES.json	922	41f12026a7bb0e569b8d41896f9af0da7f983f9968b62fa26cb821b233254402
skills/os_factory/learn/educationos/factory-educationos-t03/SKILL.md	993	2adac4ab134d63234bd392f5b46cc68397461c6cca6829d6a712b6652903f6e0
skills/os_factory/learn/educationos/factory-educationos-t04/ROUTES.json	927	aa8b27f3d1fb6ad6ea86f48389d9c009f3f1a857daeec35acf2ee6f8771f38b5
skills/os_factory/learn/educationos/factory-educationos-t04/SKILL.md	987	4e1390a6a16375036b839a7dd978ff27d48c75a0ee8c3a77ab858884b335fd91
skills/os_factory/learn/educationos/factory-educationos-t05/ROUTES.json	912	b44bd675896774c3c2251f42405dcab4fc3c55bbb48e64b05ea462a56d4c3792
skills/os_factory/learn/educationos/factory-educationos-t05/SKILL.md	1011	a3e4d9a18784a1fcbe72512a2e06d4e8a1fdb0729fafd3d3d9faae184666e10e
skills/os_factory/learn/educationos/factory-educationos-t06/ROUTES.json	913	78b3408fc0f50f7bbc5d7cd02eebd5721f9ce02b3fe27b80261aa576855aa068
skills/os_factory/learn/educationos/factory-educationos-t06/SKILL.md	984	6438d61e1d53c865da5c1086bb1c8f226f9600f50d9743e8512fa5b116e33ab1
skills/os_factory/learn/educationos/factory-educationos-t07/ROUTES.json	895	f2eeb29eb43cb6647c60d6731c9ed97b8dfe8ec09c59b82a1f4f9018000ec362
skills/os_factory/learn/educationos/factory-educationos-t07/SKILL.md	996	d7afb57bdb8a2e87c381c5c7f247dd4b357a5f16363d130eb410e5a86d45921e
skills/os_factory/learn/educationos/factory-educationos-t08/ROUTES.json	856	89b55cc73f65b36626e256523706430d732d761b6400da78c42d409d3bc8cfa4
skills/os_factory/learn/educationos/factory-educationos-t08/SKILL.md	1011	7ab1fe9c40a4b08cd9763d2504eeefd3eaf1501102da6e469dea06730cde3b76
skills/os_factory/learn/educationos/factory-educationos-t09/ROUTES.json	898	be0307cae99beb3d1500c4f0ee8301ef2effd11c26e33e8d445fd40724fad33e
skills/os_factory/learn/educationos/factory-educationos-t09/SKILL.md	1035	c22bda50da2ff3594f6806f1bf3b2017d67807136d1a82adeff3c9894abe494b
skills/os_factory/learn/learningos/factory-learningos-assurance/ROUTES.json	937	b15efad8b74541f8e011eec5539425c7b6be37cef54703f32740dd63d61e35a0
skills/os_factory/learn/learningos/factory-learningos-assurance/SKILL.md	1077	fa8d541bbb83a455351ae6ed963a351adf0ca2eb0e181e2f0745c737142fcaa8
skills/os_factory/learn/learningos/factory-learningos-integration/ROUTES.json	897	9d2dfc510a18504adde21f687b6c6318fd5b9d734ab373c69750fbd91dc06f2a
skills/os_factory/learn/learningos/factory-learningos-integration/SKILL.md	1076	27eaca2e33373187f883ee0a5712e04658a9ddc848d56e614179092719f6e722
skills/os_factory/learn/learningos/factory-learningos-orchestrator/ROUTES.json	1836	6586d6b47560e908e803dd281d044465dd4c041480e87720c3528bd88095b213
skills/os_factory/learn/learningos/factory-learningos-orchestrator/SKILL.md	1341	54444b9dc2b9bd8a9a5de1543c85d61cdf75b153d650b44a5b1eee3bcce2b3cb
skills/os_factory/learn/learningos/factory-learningos-t01/ROUTES.json	765	c670da8067f1e973caaeeb8691e0418ad5a932aa9009786b5ba6b53d6d270e00
skills/os_factory/learn/learningos/factory-learningos-t01/SKILL.md	990	02203925d89b763d25e86d4bf37cd48cf44f0a9a9f9d5067deb590fcf98e3312
skills/os_factory/learn/learningos/factory-learningos-t02/ROUTES.json	899	22da4419a8158cc0d6182ff63d4ae925296f73987a832d88bf0f09597d8eda96
skills/os_factory/learn/learningos/factory-learningos-t02/SKILL.md	1005	253e1d1f293fc9d9d3d9c6bc6679498d48869348bc29e404b842cdc268a07c08
skills/os_factory/learn/learningos/factory-learningos-t03/ROUTES.json	914	ea3c475b7b0b8ec191899a7b8a4c061fbd81448b0c92834c3a58e08c1f3d3085
skills/os_factory/learn/learningos/factory-learningos-t03/SKILL.md	990	7482a92dd1bb94eb8fec8e8bb86d63715c75f06288ed83d7c221afb470d35c90
skills/os_factory/learn/learningos/factory-learningos-t04/ROUTES.json	883	c95e940f5db5bf05b32abcd96e08b03d20ee4c4a901c07f776d4214f55498dfd
skills/os_factory/learn/learningos/factory-learningos-t04/SKILL.md	1011	708c4b90743a545307a45e8b36f013df7b8c8994a25d1ef7611d0804efd9a4f0
skills/os_factory/learn/learningos/factory-learningos-t05/ROUTES.json	1002	1cf4a725f4a8e0482ac80cadcd25cc76c160a780af3e619e0cc6192e4a16dd32
skills/os_factory/learn/learningos/factory-learningos-t05/SKILL.md	999	5d0ef7b16707471081af01d8d62515d9af7c94162a071d29c4be29ae0db8f59f
skills/os_factory/learn/learningos/factory-learningos-t06/ROUTES.json	895	8d7826c2a5785f23f49e79a40c439f9237ab5025b27186c2705901b0980cda8f
skills/os_factory/learn/learningos/factory-learningos-t06/SKILL.md	1002	a6c244a0364763651ed86896722975f551bc67ce3ffcc8e916a274eb065826e8
skills/os_factory/learn/learningos/factory-learningos-t07/ROUTES.json	927	90458713775e62838c55796bf4616b7bc9a632cdc56c940f271bf735aabe2524
skills/os_factory/learn/learningos/factory-learningos-t07/SKILL.md	987	457fb7316ad084956b6dc7074c0a586503395102496adb2dc30a7abfcecd5883
skills/os_factory/learn/learningos/factory-learningos-t08/ROUTES.json	920	44b0a1b782ca86b7a732ea934965131f20dcc9428a4605f2b2e036ae5a5a55b4
skills/os_factory/learn/learningos/factory-learningos-t08/SKILL.md	1041	31381fb432b005ccfc84ecfebe1078fd6676c828aa75d6de988db7b24130118f
skills/os_factory/learn/universityos/factory-universityos-assurance/ROUTES.json	973	1d794058fd110bc6af12a384b9dba4161a0c85a0fff61f404715d7eef19c52da
skills/os_factory/learn/universityos/factory-universityos-assurance/SKILL.md	1083	be161ddab2e3336d26ee5a67736295a531eb0c9860e18167825007e54a457d52
skills/os_factory/learn/universityos/factory-universityos-integration/ROUTES.json	918	c771f9122ccb40099e05d2f02e6d6fd116787a6b9824d0516e9ed60cbe5b1588
skills/os_factory/learn/universityos/factory-universityos-integration/SKILL.md	1082	d6056f9569ca0bf9d831790dad69ed831687f8405e009359dbf838150b31de1b
skills/os_factory/learn/universityos/factory-universityos-orchestrator/ROUTES.json	1847	787b0e82adcb21f1eed4a430fb67aeb2d588aa0ffb83e28f0bd7ce7582158ada
skills/os_factory/learn/universityos/factory-universityos-orchestrator/SKILL.md	1348	d86afe39dd5a43cf152101dbd950f19d148a9d15dd7755b4e18238a095f94dad
skills/os_factory/learn/universityos/factory-universityos-t01/ROUTES.json	883	3b573f213bc066f199084b82c437f11d6b01a4b3ca19dda8fc2a49c2d7c1aa2c
skills/os_factory/learn/universityos/factory-universityos-t01/SKILL.md	1017	8112418aa6f14995ecdd724a9ac93199a6bed2c18b48c7619444d89e4565d975
skills/os_factory/learn/universityos/factory-universityos-t02/ROUTES.json	924	53b350122fe03c98e0aad7e4dbc05b4293ccf40d8fe3c60c08f96b89635a4e91
skills/os_factory/learn/universityos/factory-universityos-t02/SKILL.md	1032	fd8bfe9985a25a098cb3f46126fcf80cc110b9ef23f6cc8f3fd8aa5663720556
skills/os_factory/learn/universityos/factory-universityos-t03/ROUTES.json	858	b70dfa646f0d807e15c6da19329e35233aefbcddcb308d7f036f4b0a582ff48b
skills/os_factory/learn/universityos/factory-universityos-t03/SKILL.md	1032	60a4dba50d9be18d0239271ea9cb1560dfc3701724939003647446d9d3bb4a58
skills/os_factory/learn/universityos/factory-universityos-t04/ROUTES.json	946	2d2a6a904ea6de0d0402bbfdb5959dbaf8ace62eb379841ed28372527fc58af4
skills/os_factory/learn/universityos/factory-universityos-t04/SKILL.md	1008	bcc85aa1f1a67edadd7894a67fee8b6b1e2cffc17fe6fd10c61adf525550f54a
skills/os_factory/learn/universityos/factory-universityos-t05/ROUTES.json	899	88d88679f0fcf86ee399b54dd795e86627644ec4c95baa713d1796ec0f65c6e8
skills/os_factory/learn/universityos/factory-universityos-t05/SKILL.md	1020	3e10dce12d80a9aa91baa033772c4831e1ed76ccf07ffff782a4d2af3e97c512
skills/os_factory/learn/universityos/factory-universityos-t06/ROUTES.json	874	9858a894ba59c0685c3771305c7ce82c84b4a7346ec35c099092c382490bcf2c
skills/os_factory/learn/universityos/factory-universityos-t06/SKILL.md	1008	e73596d88db8a5538b0a6c8461c08dda4ea20e3fdb12367e2f3ce881d92205c4
skills/os_factory/learn/universityos/factory-universityos-t07/ROUTES.json	935	b20bafa37fae704d222df5a0b870a7bf479fa7eb51c64548ba2007bf1a2ff735
skills/os_factory/learn/universityos/factory-universityos-t07/SKILL.md	996	cdf10dc172a512e2662e2d452b88a1d770d4db125e5486ec8c98778948ee05f8
skills/os_factory/learn/universityos/factory-universityos-t08/ROUTES.json	907	65ac73d09e930c6565bbede3fe4c75ac593e85303cf158719b667721af61a3f1
skills/os_factory/learn/universityos/factory-universityos-t08/SKILL.md	1002	28f46d2084cf07bdef96d61f3ca03bab57e824d82fc2e5c58b7d0bcad0dc7772
skills/os_factory/learn/workforceos/factory-workforceos-assurance/ROUTES.json	961	01dc547ca33600e7011d90725e060537cb7be4046d10eece4b800615c64b9c29
skills/os_factory/learn/workforceos/factory-workforceos-assurance/SKILL.md	1080	5899e9c5fea33bfbed1071c81705ec6c131686ab55ad6cbda45f904fd9d9926f
skills/os_factory/learn/workforceos/factory-workforceos-integration/ROUTES.json	880	a0588d5ed2f541181ab6d8a9502583bdeced1ab8337f4821b286d09073b5e088
skills/os_factory/learn/workforceos/factory-workforceos-integration/SKILL.md	1079	bd7bb4fb70dc63711729dcd7fd72e636749c7fd4f778dd1206d7ef6aa58964bd
skills/os_factory/learn/workforceos/factory-workforceos-orchestrator/ROUTES.json	1874	d43d0672a61b1afffedebfc88e76e485bf40d7a8d38323e4bba843208a88f27b
skills/os_factory/learn/workforceos/factory-workforceos-orchestrator/SKILL.md	1320	689bf8585c4571001f3f90be3db08d663c1c76be14e4ea6ac22f6124f55a2bc0
skills/os_factory/learn/workforceos/factory-workforceos-t01/ROUTES.json	895	21fbc506785b520a068170e3413d6be40de130a90facbc0eb20b877da8ace908
skills/os_factory/learn/workforceos/factory-workforceos-t01/SKILL.md	1017	d9b0d32358eb810997d1c50b612955b66f4d94027aab98e46d07dc11d3c6749c
skills/os_factory/learn/workforceos/factory-workforceos-t02/ROUTES.json	979	e649f8119b401cc6acb023dde4578dad0e690ff24507604955a5ea292f939b45
skills/os_factory/learn/workforceos/factory-workforceos-t02/SKILL.md	1023	3d98e0b3f850d758b9bb1d018bc9a4005bddbd7cac518f4a9e1aa5a1ed8d75f8
skills/os_factory/learn/workforceos/factory-workforceos-t03/ROUTES.json	910	93b31d01f4e5fd8122db4b663dffb9d6605687ce90a1cb798ccaadb70b824d35
skills/os_factory/learn/workforceos/factory-workforceos-t03/SKILL.md	990	7fe479a27f5cae2662df06ac16567749f38261d631e3ceba6a588bcc7f302437
skills/os_factory/learn/workforceos/factory-workforceos-t04/ROUTES.json	927	51e5652f474fa7e5d57b773f23e7eb84187775b6a7d8e2024a8dc55665297cf9
skills/os_factory/learn/workforceos/factory-workforceos-t04/SKILL.md	993	96022b876c962ce433d5509eefd4494b6af76e9ac8d3a7ec357ebfd8592b05ae
skills/os_factory/learn/workforceos/factory-workforceos-t05/ROUTES.json	949	68a33a8d24e7399a4c13647a1e623e1fb055c2964707dc35a9b9730f42a50cd7
skills/os_factory/learn/workforceos/factory-workforceos-t05/SKILL.md	1032	b695155d4ef3b44284387240ab90d21eecd9ad1d217bbe7623fb0ce1772fbc05
skills/os_factory/learn/workforceos/factory-workforceos-t06/ROUTES.json	930	bec5f1db5a8b7a42a4053d4719382562422860bf8c81f05a4506622581eaee93
skills/os_factory/learn/workforceos/factory-workforceos-t06/SKILL.md	984	3a031ae2aad00a6a8b475b52b347704b14365d1170291922962e41858f0448f4
skills/os_factory/learn/workforceos/factory-workforceos-t07/ROUTES.json	928	a4c78395a1c697c8c08593d0ad95755f50db947414a6179a971adfba2f06bf33
skills/os_factory/learn/workforceos/factory-workforceos-t07/SKILL.md	984	e2dffc3f30ef808eeef127dcdc467ed053936ec1b4a4f8e5106dd1457bc5e833
skills/os_factory/learn/workforceos/factory-workforceos-t08/ROUTES.json	916	b3d1bc69ba1fd0b3288cb5c73b54dd843e62e454564b24d7f43c448923957d08
skills/os_factory/learn/workforceos/factory-workforceos-t08/SKILL.md	1041	66d4564eaab5b1bbf8b84488e6a93dc092dead31c65d1276a8593206bde398c1
skills/os_factory/make/buildos/factory-buildos-assurance/ROUTES.json	1020	9fb8d630eff7444acc24629a436bf111ac55effd0adf8f5ad23bd1b9042604ff
skills/os_factory/make/buildos/factory-buildos-assurance/SKILL.md	1068	778cf970f2a0d5c7653c6d857302265916cac0a482f2e56a4a4e306b027c3c58
skills/os_factory/make/buildos/factory-buildos-integration/ROUTES.json	877	8281a3d832feedcda03d75475bf2b89d68e6f74aaf6d5e66c82585818e2580b3
skills/os_factory/make/buildos/factory-buildos-integration/SKILL.md	1067	db8f9ff0f49abfe8ff3d62e5050d3813f6d7bf6fdfd7f6241f28aae96d32cac9
skills/os_factory/make/buildos/factory-buildos-orchestrator/ROUTES.json	2090	3ad24380ef415ee0ecb04489a11722e529a94a125e62eb70a2fab99aa5d1705a
skills/os_factory/make/buildos/factory-buildos-orchestrator/SKILL.md	1296	3cf5f078568acc9540b726b1c17f61997e23b5a7d2a22b6d94a9ca0667c77705
skills/os_factory/make/buildos/factory-buildos-t01/ROUTES.json	733	dbd624c6df072d604876f5c72880395a1fa02c058373b1c925638f8f1d980713
skills/os_factory/make/buildos/factory-buildos-t01/SKILL.md	1002	5b737c7d311ce4f03b5d0e920a6f4dab7abe1f4768830f1c0fce25c35c8aa069
skills/os_factory/make/buildos/factory-buildos-t02/ROUTES.json	1000	56fa7a8390f11b04a79c85922ce06a8c3d9d9e09527a3b3c1aba2641364c9215
skills/os_factory/make/buildos/factory-buildos-t02/SKILL.md	978	017920ee42571ebf5577a636af440391d3e969a75a8aaa272b756db43ba1f454
skills/os_factory/make/buildos/factory-buildos-t03/ROUTES.json	1006	992f54dcb8a91d3f93e1d7b470c3806d16cf8268f546421cde558c3538c0ab1d
skills/os_factory/make/buildos/factory-buildos-t03/SKILL.md	996	d4130a002d3ff2c72ef92db70271ec00e71477e6ba8501d6d5cb3d51c2e82488
skills/os_factory/make/buildos/factory-buildos-t04/ROUTES.json	984	d04a3a341b848c0b6854ef0cbc0499557e41660cabda21eee3633d5c3ade2be9
skills/os_factory/make/buildos/factory-buildos-t04/SKILL.md	984	4946ff0abe1f614b2d4257b368045ce18708cd6be90cb4ce81771a408a27c5b9
skills/os_factory/make/buildos/factory-buildos-t05/ROUTES.json	1027	48cba48e191e1d2cf3b2d6530c276cf1bc44f1fb5591d71873f6a4ac86a1ffa8
skills/os_factory/make/buildos/factory-buildos-t05/SKILL.md	993	80296baa98d4894d11703a22bda34ab45f309fc6d252a01573ababbb95b8476f
skills/os_factory/make/buildos/factory-buildos-t06/ROUTES.json	978	dad5ce0265bf60fec61efcc696f230cdb8081bbfcff0730cc3dc1b61874558f7
skills/os_factory/make/buildos/factory-buildos-t06/SKILL.md	987	c6629f2891f44fab0743ec18a7b92e35f9a75e0e976387e6a7839d3771204237
skills/os_factory/make/buildos/factory-buildos-t07/ROUTES.json	1037	05fe363912404fa985f8e7a4c1d0d6855dbba95a41edf1dd00af29799a2d1014
skills/os_factory/make/buildos/factory-buildos-t07/SKILL.md	1002	1077c9879612f42a7a63f69693bf84042dd3f4a559e424fc6227c402ac8f4807
skills/os_factory/make/buildos/factory-buildos-t08/ROUTES.json	1036	d4e6f5d6e32ece2da82c210d6a8d8da5fc424088366d48f12983a4fd739667f2
skills/os_factory/make/buildos/factory-buildos-t08/SKILL.md	996	880f0bd3d8fda8ac6964a803aece789b9ab8427d213ce279c8fbe0fcc670463f
skills/os_factory/make/consultingos/factory-consultingos-assurance/ROUTES.json	768	18cc9db27b43515d5a1f52e4b9ef35db69950efe0481b014db86454263b6846c
skills/os_factory/make/consultingos/factory-consultingos-assurance/SKILL.md	1083	090a43f071343fb1e712d53ee35631416f736f02746ddf8132be1ddd47b5f30c
skills/os_factory/make/consultingos/factory-consultingos-integration/ROUTES.json	815	21647ee1faa915a598457ac5e48ca810cb68172b15e5effb38c555480b11b2bd
skills/os_factory/make/consultingos/factory-consultingos-integration/SKILL.md	1082	aba48e81bd38b817320e7ac7ec9e47bbf41e71dfb4f162fe44e38e73a4ef3d0b
skills/os_factory/make/consultingos/factory-consultingos-orchestrator/ROUTES.json	2109	80712ea7d6b5c3107468724c07f9132846d7e5c9691ef8ef72a83172971405b9
skills/os_factory/make/consultingos/factory-consultingos-orchestrator/SKILL.md	1325	80c2af0385c2fa9c9be568253baac0665c586297d580a3e4fbf22c642b005ed7
skills/os_factory/make/consultingos/factory-consultingos-t01/ROUTES.json	879	9b4853733c458b24c98b83a192bacf2a9814c67fe710c3489848774584270b8b
skills/os_factory/make/consultingos/factory-consultingos-t01/SKILL.md	1011	1af7b6c44e7630f9677de2cc7c3b4cd15b9e5504a32c925841c4dd8e56d7b8ee
skills/os_factory/make/consultingos/factory-consultingos-t02/ROUTES.json	710	fec01106a790720e1647b1bd3e5825342ffc97e9b60b94ad56cf6e1d2c88c385
skills/os_factory/make/consultingos/factory-consultingos-t02/SKILL.md	984	e351cf0712a3a59652e757329b2c1df271d2c63add619649458afe1f9cb733ea
skills/os_factory/make/consultingos/factory-consultingos-t03/ROUTES.json	910	18a282d43de9364d4b508b67752649b9d7f7b27cd62b84710298308b4d7afb67
skills/os_factory/make/consultingos/factory-consultingos-t03/SKILL.md	1026	00b3d0fd353258336d32e712b7f55c95fb6dcd97ecb1923b632ab6a84d5fd1c0
skills/os_factory/make/consultingos/factory-consultingos-t04/ROUTES.json	1067	c5b559b1ece1b780a34cd4f2a8927f19b2a7d9cb5fbb3213eb21f8b589af9953
skills/os_factory/make/consultingos/factory-consultingos-t04/SKILL.md	984	217e5c69cbcbd340d6ae5b00e382a99b67cd9c84e8091f8a28bc813793902386
skills/os_factory/make/consultingos/factory-consultingos-t05/ROUTES.json	1067	6460d6a09fa45b3c3346d8075309fe7226b46aad2a23d4318d545eeebbd5fb07
skills/os_factory/make/consultingos/factory-consultingos-t05/SKILL.md	993	59003dc6e20dcc4a264f99bcb63c2458d5ddd73e9e70e32464f158b54e851fc0
skills/os_factory/make/consultingos/factory-consultingos-t06/ROUTES.json	726	7aaf1f42f7e3fd29a186804111c0c132b468b1aa2bd6d0694e0282e97c973327
skills/os_factory/make/consultingos/factory-consultingos-t06/SKILL.md	1002	9227d4eeccc54f5ec9a5537283635969785b7aa7c17998dc0777f84cbd5565c0
skills/os_factory/make/consultingos/factory-consultingos-t07/ROUTES.json	784	70f8c141d44ae9c78e35c6d82fcaab6940f9af683135ce8854ebe5fdd97c79b3
skills/os_factory/make/consultingos/factory-consultingos-t07/SKILL.md	1020	1e0b1ea5396c048d80f03539b88dfcde5fc1fdfce8875b8c8023cfefa61187c1
skills/os_factory/make/consultingos/factory-consultingos-t08/ROUTES.json	829	15f940d9ee074b0415a4fab1a2ca85781124b018c66cafbd22a1f067757b3446
skills/os_factory/make/consultingos/factory-consultingos-t08/SKILL.md	1011	ecaf15a24a535871e84b65051436215c599f532f2e6e51c27531775c486e2b55
skills/os_factory/make/consultingos/factory-consultingos-t09/ROUTES.json	1017	b3b9b40b0126261c6ca4c99c2770e57be370a4ab6417857cb2e4ad31aedc2d36
skills/os_factory/make/consultingos/factory-consultingos-t09/SKILL.md	1014	020947560e96a4d51f39b473c7038dbb00859b7869f59bd7305df7b601407e56
skills/os_factory/make/innovationos/factory-innovationos-assurance/ROUTES.json	897	17cd16b96bd2d8c08b12e69d5e3c3c24fa0dc0ce9a2ff51c6c04dcc0490b6597
skills/os_factory/make/innovationos/factory-innovationos-assurance/SKILL.md	1083	4bfa76388ec352127ccea1ebe6a148e50e320ec0f61b93df2dc722ebc4ec08a3
skills/os_factory/make/innovationos/factory-innovationos-integration/ROUTES.json	820	79dd820fb4df3fed9efdc6d57e0c427a0d1de428f34725c38618054f6a15411f
skills/os_factory/make/innovationos/factory-innovationos-integration/SKILL.md	1082	f19b71fa7ec5b3ad062342d1f62c698bd98df364dd0a1de2b41da4c917a30436
skills/os_factory/make/innovationos/factory-innovationos-orchestrator/ROUTES.json	1898	4ce2224d4ba1ced7041ec4b75aead5e8c9181a0541ed6b7db2b31c45a812c031
skills/os_factory/make/innovationos/factory-innovationos-orchestrator/SKILL.md	1295	fb42beff82eb4aa915da0b8822fb4d5dae333db53388e1552d7f416e8d514ac7
skills/os_factory/make/innovationos/factory-innovationos-t01/ROUTES.json	874	3b90c53db8acb5ab7f4a6d02209122fc8dac8f371738a1b5cf78875ca1d526d7
skills/os_factory/make/innovationos/factory-innovationos-t01/SKILL.md	999	7276e5ec2db69c9e8f14dc9f815273e35f348bbdbd74c97bdcd98310495e82e5
skills/os_factory/make/innovationos/factory-innovationos-t02/ROUTES.json	888	bec4fcf8259878a54b820db658112a70f7fb3a7eb3d2ce9ca393173df7454d88
skills/os_factory/make/innovationos/factory-innovationos-t02/SKILL.md	1011	e7378ebc5d48a9af02ccaf4c1dec7c8e0f402d7992e0a5bb6172868b9d3a2f84
skills/os_factory/make/innovationos/factory-innovationos-t03/ROUTES.json	879	a9478c88ae21d8f36cc508be13440141326873555fd86a26ea2bd9140c4b30a0
skills/os_factory/make/innovationos/factory-innovationos-t03/SKILL.md	1020	f610c63bfd4603e0fff2546de3fcad052a5166b64c3a7ee46c2c2423cd40fbe5
skills/os_factory/make/innovationos/factory-innovationos-t04/ROUTES.json	875	6fb3f8a2bbc70bdf1ce2c7a1c77f72fba92ca3ffe4054146b1990fbcc2f1d270
skills/os_factory/make/innovationos/factory-innovationos-t04/SKILL.md	1008	44aa7e43f3e422659aee86c2a08e313157551973a1be5bcaf887c9bdbd66839f
skills/os_factory/make/innovationos/factory-innovationos-t05/ROUTES.json	785	fbdc6a9512b390d9b44c929122f25f96eaa62efaf17d83dac4aecd74c86231c5
skills/os_factory/make/innovationos/factory-innovationos-t05/SKILL.md	984	bd2586ae1a2a2bb5ec1c3b038e1625422cd12e3633443cb8c9294913409d8899
skills/os_factory/make/innovationos/factory-innovationos-t06/ROUTES.json	874	459b509018d4630db5f3be679a746bac82c3f46ca4a69dce9a832e3332063d29
skills/os_factory/make/innovationos/factory-innovationos-t06/SKILL.md	1002	fe676c3dc4c922c472bd551bdb301237664e7244f1855589ffbdffaf46a1219c
skills/os_factory/make/innovationos/factory-innovationos-t07/ROUTES.json	895	f1992ecdb25ba4512846d119f2f5b6902db3b97f2f7addc94acfb40658380301
skills/os_factory/make/innovationos/factory-innovationos-t07/SKILL.md	1011	5281851565047259ea70b7a9e6087034ed6340cec77b85d5768ab44fdbef46de
skills/os_factory/make/innovationos/factory-innovationos-t08/ROUTES.json	884	864b0b3d5012db1cadddd6e65cdc72ed49aaac47af92481287dcfe531578491b
skills/os_factory/make/innovationos/factory-innovationos-t08/SKILL.md	1002	3dea1e8a8486a30c9bdcbffe469719133b9698f576d86994d6cbe5dfefa0bb62
skills/os_factory/make/labos/factory-labos-assurance/ROUTES.json	820	a56acba182d41fb9a542dbcb1d9883fb2cc50ab30db3e7e0d68ab98713df2cb3
skills/os_factory/make/labos/factory-labos-assurance/SKILL.md	1062	e4a6f5ae172c4791a066c7c91038904aea16df1ff1a631678b768d9f7b51a589
skills/os_factory/make/labos/factory-labos-integration/ROUTES.json	891	934bfed187754ee0afdd2d519c6f5ac4f34389f0c02d15dbc1c820dc2ba77a74
skills/os_factory/make/labos/factory-labos-integration/SKILL.md	1061	5a9e2eda15edcd371d0cc23571b53018d783a8e393ec9c12caa3c2bd525f5882
skills/os_factory/make/labos/factory-labos-orchestrator/ROUTES.json	1823	19a43766d2036dd80f6498466031f564d7c0c77f54fe072e11825dcb7372e976
skills/os_factory/make/labos/factory-labos-orchestrator/SKILL.md	1294	6691f85dac1e21e2f7e6af753995d136f8f7fa207268d884927597ee124efd4a
skills/os_factory/make/labos/factory-labos-t01/ROUTES.json	864	a7b882864ad9ce1881c024226fccd5d6781d9f76202d06ebab517942badbd8cd
skills/os_factory/make/labos/factory-labos-t01/SKILL.md	987	db9b5fc39c4565511fda15031fd615ad94bd28e7649a52a159f0c05d77ff110c
skills/os_factory/make/labos/factory-labos-t02/ROUTES.json	942	e7566df9da76aedcfe7af319288ddf8c21395499078f802d62235667659e4361
skills/os_factory/make/labos/factory-labos-t02/SKILL.md	1008	1bac5075cf533090ffff13a3f3f1ea4b8a44e4d1477c74de7a712407dbe1554d
skills/os_factory/make/labos/factory-labos-t03/ROUTES.json	882	eb2f011713dbfd03e599d95a49c2ee5143fb3d93f820c2f777baae5014ca1a42
skills/os_factory/make/labos/factory-labos-t03/SKILL.md	993	5e162c247a921a73993b0b1c60a0242021e356295276a4d37c2f147686d444e4
skills/os_factory/make/labos/factory-labos-t04/ROUTES.json	921	dce5f6a0770fe64d73259b63c08ae247bf64bfbf81cc8ebc36c697df387efb36
skills/os_factory/make/labos/factory-labos-t04/SKILL.md	990	0da86df253c6d7885a80c1e94cfaaa9281fed083e7967e3f6c90db82553b564f
skills/os_factory/make/labos/factory-labos-t05/ROUTES.json	913	38b5359fb7546978404100338b0cb8029a891c1ad0271b71d4d06d8b3eca1eb6
skills/os_factory/make/labos/factory-labos-t05/SKILL.md	972	e844cfdb8a8db78024626210e015fcc6d9ced014bac4e6a18cab3f7860528093
skills/os_factory/make/labos/factory-labos-t06/ROUTES.json	851	a1ffd2271f40a9b4c7a5fca798486fb6ae4edf5064fc0af61643bb1515c07444
skills/os_factory/make/labos/factory-labos-t06/SKILL.md	960	c7a6c00a662e234e707fea5b7486f7995ce1477b18f7e6ec946885fdf5c9a3d8
skills/os_factory/make/labos/factory-labos-t07/ROUTES.json	858	7be6a4ebc92f43e06ae0e3b2dd07e4718b2e1f76e30e8fbc20f27aef812707e2
skills/os_factory/make/labos/factory-labos-t07/SKILL.md	1002	4bbaa8dfd8a9c558c7e5b3c203801d606719616fc0d9f80e2ac61ea3685dc02d
skills/os_factory/make/labos/factory-labos-t08/ROUTES.json	826	2b1a6d7cf34c286f9be9f6e5193541c847f9a844df1c20dfe3cb382fdf41d4b4
skills/os_factory/make/labos/factory-labos-t08/SKILL.md	1047	acfe278815c5c83e9508c19fdc4a0440e946b087530597bce993c501024e8261
skills/os_factory/make/launchos/factory-launchos-assurance/ROUTES.json	883	d9b56cf19f928bdb1790affed1b09f1f6597d376d2f5fd237c38774495631762
skills/os_factory/make/launchos/factory-launchos-assurance/SKILL.md	1071	317586162a885a06cd81276e8130b07f15d616a9ccb73277da189e39aefa21f5
skills/os_factory/make/launchos/factory-launchos-integration/ROUTES.json	897	19eebc102b40b3628aa94b475b7381165ab9977d0a704d2f071c907934153c96
skills/os_factory/make/launchos/factory-launchos-integration/SKILL.md	1070	56b85ae7360658884f044530c7ea90b54248553cde398cc1365d0eca0b18bca2
skills/os_factory/make/launchos/factory-launchos-orchestrator/ROUTES.json	1730	fd19c9e42ae98ed9d3617ba8d78d2b45d9cf174804f9114e6ef2edc7dd0e5c2a
skills/os_factory/make/launchos/factory-launchos-orchestrator/SKILL.md	1313	c776c3357a423d85707078e68ab43dbef4c2d4de095410119075f1aaad04f573
skills/os_factory/make/launchos/factory-launchos-t01/ROUTES.json	847	12867033cf87228edd4280f1f797f5ea134d4916fbf2a4ee37e99d6da71cf994
skills/os_factory/make/launchos/factory-launchos-t01/SKILL.md	987	601f408dd56bfb2d574d74ac895cab32ad397a3b13ff187135b6cf88c8155c0c
skills/os_factory/make/launchos/factory-launchos-t02/ROUTES.json	882	20d8487243f0749257b997db0fee5ee506197dc1b7b89924950fdf962f2c483c
skills/os_factory/make/launchos/factory-launchos-t02/SKILL.md	987	059ab4425355f3e1aacc162631940d20630cfcc4b2c0797889af243ffecf017d
skills/os_factory/make/launchos/factory-launchos-t03/ROUTES.json	973	be66673c5eb63ec80f78a80a79c4138eb8aa1f1d057cd57103a1c774322a79aa
skills/os_factory/make/launchos/factory-launchos-t03/SKILL.md	990	37f17106d02ed13c426f24257a0706f2e23442c7b0345de9ec0afc8baa501154
skills/os_factory/make/launchos/factory-launchos-t04/ROUTES.json	788	296543feabaf433edf7d1c9f784c4c33f9ad6d2226ce7ac6845188e99390510a
skills/os_factory/make/launchos/factory-launchos-t04/SKILL.md	1002	ca3410c75d1fc5d6595d2c90a2ff18e31036e2ccabb12c9ce3229bbcf243630d
skills/os_factory/make/launchos/factory-launchos-t05/ROUTES.json	876	b3b5f608a75dd6771239f7aff82417667f2fce356d21b026b9a96ee2b3717bce
skills/os_factory/make/launchos/factory-launchos-t05/SKILL.md	999	c47b6360a10a3576bfaac1356ba6e3749cb861588b9ce0288a446a5ba86d8b85
skills/os_factory/make/launchos/factory-launchos-t06/ROUTES.json	1015	4e5c320533e28c1473cd0465eec5492882cfc6d325289b3b4f77dd5cd65a5f1c
skills/os_factory/make/launchos/factory-launchos-t06/SKILL.md	1005	2c4af9b4621fe3f75a0b6dd778598680ae918ed286b7cd56564f28079cff2b71
skills/os_factory/make/launchos/factory-launchos-t07/ROUTES.json	846	973c5eabb67802a78eea4ecbaeb07c154ce294cbd95415f0a98d1e6618810f6d
skills/os_factory/make/launchos/factory-launchos-t07/SKILL.md	996	463b922cd6554dc0a3eeba03b6f69adba36c5b67030bd90c6ef4bbe74920f96a
skills/os_factory/make/launchos/factory-launchos-t08/ROUTES.json	847	c5bd1a1181391219f867c83b36d7e0457d5de363e3913c834631fa0876ff679a
skills/os_factory/make/launchos/factory-launchos-t08/SKILL.md	1005	7ca462639d57d026d737c419b28387a4ef737fae954282f2224bb82004c20e2a
skills/os_factory/make/patenttoproductos/factory-patenttoproductos-assurance/ROUTES.json	875	dd2ff99332fe15b97b6c07c936ad2b884f7dc58cb11dae8342209772b8e72ea1
skills/os_factory/make/patenttoproductos/factory-patenttoproductos-assurance/SKILL.md	1102	da162545ef71a16f359d332d3ffc40412dad3c437fb1229f439fa5ee37818523
skills/os_factory/make/patenttoproductos/factory-patenttoproductos-integration/ROUTES.json	794	b9e996f2435b68e30273ca3fd382e45c17ca04dbac94d8902598af1077f528b9
skills/os_factory/make/patenttoproductos/factory-patenttoproductos-integration/SKILL.md	1101	46ab51ed30548398371693577b6e6f552de408b83b5112f230a2f49157e0edb2
skills/os_factory/make/patenttoproductos/factory-patenttoproductos-orchestrator/ROUTES.json	1362	9ed6d50ecc470ba1d2d24295de272be6b6193c2ec40980e2133d785b59d77f0d
skills/os_factory/make/patenttoproductos/factory-patenttoproductos-orchestrator/SKILL.md	1356	c5dae8192e9631b0b65d5df55bfcab7dff543baa2614c917d2a950c300392e91
skills/os_factory/make/patenttoproductos/factory-patenttoproductos-t01/ROUTES.json	630	26569c0fe062ff92db8cba3916eb3ac46afb2d3120cc902187e014227fb8c1f0
skills/os_factory/make/patenttoproductos/factory-patenttoproductos-t01/SKILL.md	1012	1d2ba2ff213ca2ec7db51cedeb000196691e2c1b2769c8eb15f83ab974e605b7
skills/os_factory/make/patenttoproductos/factory-patenttoproductos-t02/ROUTES.json	667	5ccb2bec0f90766a9024a22a7a44ff8f031016d775494d1b4b3c4f85b7990a18
skills/os_factory/make/patenttoproductos/factory-patenttoproductos-t02/SKILL.md	1054	03da65bac20bc3a1c1e89a3a77342c38ff1f9f624d92f91ab3fca9ad8bb0c773
skills/os_factory/make/patenttoproductos/factory-patenttoproductos-t03/ROUTES.json	603	eb7c20a3f38582a2f1daa89cd945c9211b363aef0d653b6b13b46a4eb4be94b8
skills/os_factory/make/patenttoproductos/factory-patenttoproductos-t03/SKILL.md	1018	1e6d2e059d9d93962cbbf2f672adbaa76a0900c232143b05b3e3a2676c1a7bcf
skills/os_factory/make/patenttoproductos/factory-patenttoproductos-t04/ROUTES.json	600	7e8ac46a757b4eb93650cb6e87d4d7e1ccffd98b022e82a40adaf8f369d1fbca
skills/os_factory/make/patenttoproductos/factory-patenttoproductos-t04/SKILL.md	1018	2b093fea12e317726dec81d0241a6a016dd54e8210a7077ef8f9f0337d025506
skills/os_factory/make/patenttoproductos/factory-patenttoproductos-t05/ROUTES.json	821	bfb87ac0191ade020fd1cc118b4a2d96b5bd2fc466f7aa501e2e3f8f6e4bfb5e
skills/os_factory/make/patenttoproductos/factory-patenttoproductos-t05/SKILL.md	1063	8168d79eccd35b9d93645e5a745661c89d8c76a3f54790bca8c33698b2b875a5
skills/os_factory/make/patenttoproductos/factory-patenttoproductos-t06/ROUTES.json	687	bb71809057fd06721859636c99cd2ea7574beca379dbfb251e5e45a7c4eb49db
skills/os_factory/make/patenttoproductos/factory-patenttoproductos-t06/SKILL.md	1027	7f36510eab6d5a669ef682d51b993923cb2c1c97349850bb4109fe942948a2eb
skills/os_factory/make/patenttoproductos/factory-patenttoproductos-t07/ROUTES.json	546	9ab72943c105344ecdda80a192a7b030543f26b4bf7bf99414ff6118fe0801b1
skills/os_factory/make/patenttoproductos/factory-patenttoproductos-t07/SKILL.md	1018	4cceeec6a9e9e32bafb0ea7381af60552cec7b58895069a93a82e09335179eb0
skills/os_factory/make/patenttoproductos/factory-patenttoproductos-t08/ROUTES.json	581	f4dd0b7ff09bb2b3a99e8f6ea22656c08872c2a27b2a2d3aaaa73305dff82c14
skills/os_factory/make/patenttoproductos/factory-patenttoproductos-t08/SKILL.md	1054	42590540b8f8c56cf01ce56a7c08867877fea6ac4cf9cb99f304997ace5e4b1b
skills/os_factory/make/researchos/factory-researchos-assurance/ROUTES.json	795	9a497dcd528275da67c44f878756969d307bde83926ae59c414120dda50f0c6d
skills/os_factory/make/researchos/factory-researchos-assurance/SKILL.md	1077	510d159217b8400edf48d4b254126d46e29bc474ac0de88d3581f2ead8cf4471
skills/os_factory/make/researchos/factory-researchos-integration/ROUTES.json	960	0cea11744be8687e320c52deb508a9f221feaf67fc0de07baad9cac2f9c9ef96
skills/os_factory/make/researchos/factory-researchos-integration/SKILL.md	1076	f015bad16c089b9141adf6ef1946b7fa1f48bf7770c48340b922bcffba4b42c7
skills/os_factory/make/researchos/factory-researchos-orchestrator/ROUTES.json	1956	63422f78e539a61c7a6e3a1dfbe2577dac5e9e63721ba775138ed328ca860f4c
skills/os_factory/make/researchos/factory-researchos-orchestrator/SKILL.md	1308	3078776b5f76edd4d22b4650d78144ccbf733f774596068b6212a895b116c729
skills/os_factory/make/researchos/factory-researchos-t01/ROUTES.json	966	59077160b22cf9aeec2a94cc8b738cdc3fc1a226244df19093ddfa3ca25777a6
skills/os_factory/make/researchos/factory-researchos-t01/SKILL.md	1017	cfa00d9af263de3ff3a8204882fdde5a775dfaf5c539ac990570602ee765a18f
skills/os_factory/make/researchos/factory-researchos-t02/ROUTES.json	904	4ea40cfa3bed036e1351b4bb769f57ba4cb5b9b5f8f4723dc69a6feed51a52ae
skills/os_factory/make/researchos/factory-researchos-t02/SKILL.md	984	6102484c6c9635ca9a4a9fcaf754c19952f33b92254b5be19f535735c21d13a8
skills/os_factory/make/researchos/factory-researchos-t03/ROUTES.json	1096	13efae7bc74dd6cf0aacb9afec69f7280241e08fb623add8075520aedc09a7e0
skills/os_factory/make/researchos/factory-researchos-t03/SKILL.md	1008	6c51bd0958cd05d6ac88b29d36f3851b694560ad2ece5ea416873837fddea256
skills/os_factory/make/researchos/factory-researchos-t04/ROUTES.json	926	63b26f8a62742208f013edd3e8fb8767b76ca87d066f22271ad36aecaccfe761
skills/os_factory/make/researchos/factory-researchos-t04/SKILL.md	1062	bea5836fe6462db5947b9ba6c973941a1d7af34c848e5448a63c4710fa376e81
skills/os_factory/make/researchos/factory-researchos-t05/ROUTES.json	565	d20dd2dc8c91a1f0b7ce4005944d42918ac20a18d412323ca833364d99d0fb03
skills/os_factory/make/researchos/factory-researchos-t05/SKILL.md	1008	4e70d91c060ee6c9b420ed345820451ce11960aa66dc994e33f56899173fdab8
skills/os_factory/make/researchos/factory-researchos-t06/ROUTES.json	959	df9ee77c579f694f5e3f64f07a18d0f8c62b93b31538b1b1a8eab605388c48a3
skills/os_factory/make/researchos/factory-researchos-t06/SKILL.md	1008	1550251448aac88755f71dd586e778ef34d47c2949cd302f6758db302dc30b58
skills/os_factory/make/researchos/factory-researchos-t07/ROUTES.json	888	8111d3e2cc6b13e135dcd5e971a66817b925c53b36cadcd79a08294c2c2f8c70
skills/os_factory/make/researchos/factory-researchos-t07/SKILL.md	978	acb940616190f50c865fd939bce97a90bfd131a04b2558ff6148b492bdd7f9f4
skills/os_factory/make/researchos/factory-researchos-t08/ROUTES.json	932	a5824657fe926247571de49f5f2422fea7b70f3579f2347ac150e222486b73b9
skills/os_factory/make/researchos/factory-researchos-t08/SKILL.md	1035	f1c9f930f0d0728a2e22e991ff1a3e3792f803da0b27285f7a8982124b2602a3
skills/os_factory/make/ventureos/factory-ventureos-assurance/ROUTES.json	860	2cb084830e8f4d1c307c4fd0c5650ff88560eea3d2981a68c7fbf3dd692b2472
skills/os_factory/make/ventureos/factory-ventureos-assurance/SKILL.md	1074	453e1109213d71fabab33fc46eb92f5665425563b56f4ed8771c399eb0c41f16
skills/os_factory/make/ventureos/factory-ventureos-integration/ROUTES.json	816	bff3efc9ad0425c465b4451fd17c3664fe4f91c4df45964567feb414fb3ffba8
skills/os_factory/make/ventureos/factory-ventureos-integration/SKILL.md	1073	87fea6869a9c07ff232a07152c83a68c458ff06a2b4030f88750a825435d10f0
skills/os_factory/make/ventureos/factory-ventureos-orchestrator/ROUTES.json	1700	1573e87798fc295d787d6aa5e38a1360396bca129f66dd6a9ad87f1c3bee3af8
skills/os_factory/make/ventureos/factory-ventureos-orchestrator/SKILL.md	1302	f2e4911bf96c9dac249e00954a5796f7b3d17c2ec0698e96940406da03035306
skills/os_factory/make/ventureos/factory-ventureos-t01/ROUTES.json	845	c4b842fc1c4964356fd498637c4ca101155235f557d611acfe569cc93bcb8b4b
skills/os_factory/make/ventureos/factory-ventureos-t01/SKILL.md	1032	2d10defbeef39bb973870f6aaf24592187fcc933af6c17069d7c100e1586619f
skills/os_factory/make/ventureos/factory-ventureos-t02/ROUTES.json	846	5b21f7e53f7aecc5026ab99f1b77148753d40c25978d5245daeb1f8fefe6e9fa
skills/os_factory/make/ventureos/factory-ventureos-t02/SKILL.md	1035	8fdd187211a507c98d160a043dc69865c8bab6e840d0b5dd2dc2f0af26826a09
skills/os_factory/make/ventureos/factory-ventureos-t03/ROUTES.json	919	43e94ed84a2277a5f5b6176c9986ccd57e8ff18272e4df8de9d311516921b1eb
skills/os_factory/make/ventureos/factory-ventureos-t03/SKILL.md	1026	7994f6e90d2cabfd6d37b24eaa1c3cbbf1dd24f61ea16cac7e118c1507595b10
skills/os_factory/make/ventureos/factory-ventureos-t04/ROUTES.json	812	b7e2223c10b7adf16dc146f2da247d071f0d8808ab4c398e093e598dd0cf0eb4
skills/os_factory/make/ventureos/factory-ventureos-t04/SKILL.md	1014	343a841037ccd1febd4a95c6c165e9f71738b9d164ee6259b57c467e0eca408d
skills/os_factory/make/ventureos/factory-ventureos-t05/ROUTES.json	836	6f8a22c78809d4963f24630811778e5d486b1632be312f48f26c8d5ca58f6ad6
skills/os_factory/make/ventureos/factory-ventureos-t05/SKILL.md	1002	6e59c94e3fb60cdcacc298fba106c0fadbe25bac34788dd2ffdc17ae5d72f665
skills/os_factory/make/ventureos/factory-ventureos-t06/ROUTES.json	820	972118dc1e4bb9391917e255e9789d392b71cb7563ec2e8ff51054152dcf1295
skills/os_factory/make/ventureos/factory-ventureos-t06/SKILL.md	1002	ae47b2282c7e2ae7fb498a2908308e3e209c238e49df78c065050b86ed6b7f48
skills/os_factory/make/ventureos/factory-ventureos-t07/ROUTES.json	872	d5a4cbc276e9c646e961ed667c44e2538dc98526012f3a89550ee32a17ab0eba
skills/os_factory/make/ventureos/factory-ventureos-t07/SKILL.md	984	2b405aa3c1b52d66ccee3fe0b4f58be86c5ada6ef5a358d8d6bc2a5220d93c34
skills/os_factory/make/ventureos/factory-ventureos-t08/ROUTES.json	856	0c8be0c0efeef2db35e9e2160aac810b41a798a8b59054bb267dde1b371b795c
skills/os_factory/make/ventureos/factory-ventureos-t08/SKILL.md	1035	43cecdad3601941ab9413c46a3d8f2c9811460519286d0f9b237e9f21ae8b1ca
skills/os_factory/protect/complianceos/factory-complianceos-assurance/ROUTES.json	929	29cef414d275c8be869f0c523fc6b23a881f2041e8a665754fa790a750cb5138
skills/os_factory/protect/complianceos/factory-complianceos-assurance/SKILL.md	1083	06878665e6d9daf1d21a66f60be81e3cc16e2f1273c018e986510c7e7434442f
skills/os_factory/protect/complianceos/factory-complianceos-integration/ROUTES.json	906	82b4bd95d70edc75502e1970bea7641066826f58ed4218c8af105556b47224af
skills/os_factory/protect/complianceos/factory-complianceos-integration/SKILL.md	1082	7c241f52ff4984c5bb911c37484191b58afb32224b5e7150eae79c9b16e83ecc
skills/os_factory/protect/complianceos/factory-complianceos-orchestrator/ROUTES.json	1954	721d8c7412913347d824c9e8f2cf7bfcf3918df9bd3244ea3a377212fd9f3dda
skills/os_factory/protect/complianceos/factory-complianceos-orchestrator/SKILL.md	1332	acb29e5eac94a07876c2511fc9bd4e7749bc57a414f6d7ce31a231b74bec4157
skills/os_factory/protect/complianceos/factory-complianceos-t01/ROUTES.json	974	8d8df2b55ad8c6ccb16175a41a633d012a28fbd76a73c0628a5d6e9109e1a142
skills/os_factory/protect/complianceos/factory-complianceos-t01/SKILL.md	1017	4ee139d013321b965b9f9781fb4c3a3013f16823faa42c7dd5636b35ae92d52a
skills/os_factory/protect/complianceos/factory-complianceos-t02/ROUTES.json	922	64dbb0c9d10dcf3d823cfd303597e588c27aaec0240c4e515e4f7ec71efce33c
skills/os_factory/protect/complianceos/factory-complianceos-t02/SKILL.md	1002	841f8d223674bc6916d242dba1b56d81d53c394076a5f2b04fc31fa7ca8103d0
skills/os_factory/protect/complianceos/factory-complianceos-t03/ROUTES.json	864	7b3c8ff302c57f22a1b4d58e8f1e330f47e905411fe34c19e1893c08d17a0c99
skills/os_factory/protect/complianceos/factory-complianceos-t03/SKILL.md	996	2becf406c87b7ec01de842f8ca0c1c47e46243fa6a07b40ff49d1f0267b03dc9
skills/os_factory/protect/complianceos/factory-complianceos-t04/ROUTES.json	957	31b256406dc654958034109623252b35b19a9d20f0913d13f39d5d5cd8dd56b8
skills/os_factory/protect/complianceos/factory-complianceos-t04/SKILL.md	1020	4e429ae4d1c7cabe4bbd000f69ba17f291e0f4ad07c185e88842fcb832656764
skills/os_factory/protect/complianceos/factory-complianceos-t05/ROUTES.json	974	24a83bdb7928fbf8a91021d46d41c38be788528d75ff79f5aef2e897c0cc864b
skills/os_factory/protect/complianceos/factory-complianceos-t05/SKILL.md	1014	3e137e622cb38bf3469127308bcfe599ff5fcc0208f4741000d0a946b50e6607
skills/os_factory/protect/complianceos/factory-complianceos-t06/ROUTES.json	935	b1425d4561070c7dfcd2b0cc9d7126ccedbde406b0730e0311657a3a620d98c8
skills/os_factory/protect/complianceos/factory-complianceos-t06/SKILL.md	990	e19697912e33001002f4f042d41de4a1d86823b2619307dd0935656a0ecfe857
skills/os_factory/protect/complianceos/factory-complianceos-t07/ROUTES.json	954	61c8e563e477d78c9db53280f0eb8fa42eecd39f8bae254bc041d82d6fe72cdd
skills/os_factory/protect/complianceos/factory-complianceos-t07/SKILL.md	1014	dbbcbd115342082634e6dfd79a8b65fc32d23d6e5eca6fc9d88893aa417201e3
skills/os_factory/protect/complianceos/factory-complianceos-t08/ROUTES.json	927	d066b79ed085a7276f497baeb5aacf04c8b835b91b0725baf9dc6cee632802b8
skills/os_factory/protect/complianceos/factory-complianceos-t08/SKILL.md	996	44342a3e13593c0bad37cc697ac9ad86d9b72f2b4196b6d0941088ba8b6a8fc2
skills/os_factory/protect/legalos/factory-legalos-assurance/ROUTES.json	958	1da609515c5cb238b5215c490575b7dc1adc19630c21aa0953c6083bcd613574
skills/os_factory/protect/legalos/factory-legalos-assurance/SKILL.md	1068	d71f9b7d86abeec870dfeef0bdd94e579072a61dc33d486e55ba06a80057990f
skills/os_factory/protect/legalos/factory-legalos-integration/ROUTES.json	834	8591b2131ff83cbb28fdb63b3794cce7314a8c797720432ee7558ecb0b24c06e
skills/os_factory/protect/legalos/factory-legalos-integration/SKILL.md	1067	158aef7d6636f088e74f68c0e3ddd4bbaad75e08d4260b3acebce335fa4c5953
skills/os_factory/protect/legalos/factory-legalos-orchestrator/ROUTES.json	1875	870c396960cd4bff67a00b46605eec60161e0bea95d2e479c660b27d2c0ba1b9
skills/os_factory/protect/legalos/factory-legalos-orchestrator/SKILL.md	1323	46099278b8844f2d539ec724ecad4a8e9b5e65059ba20a5e730d4715b58e8fb4
skills/os_factory/protect/legalos/factory-legalos-t01/ROUTES.json	957	19cea0d355929e7f029ecc1cef766bcdad7dbc64c571446a2a57e3e015ba666e
skills/os_factory/protect/legalos/factory-legalos-t01/SKILL.md	981	2788f291669238491529c80cead070827c04ccf9e240c0697808eef45d5af023
skills/os_factory/protect/legalos/factory-legalos-t02/ROUTES.json	900	7e91dfe6b5f3d0befdd4c7c06328c669f15130b741f48d9ef25eee1c7054927e
skills/os_factory/protect/legalos/factory-legalos-t02/SKILL.md	984	27d3cf2825fe4fb487a42d94dfd2b324639f4777fff278c9c3942a5bd9907f7c
skills/os_factory/protect/legalos/factory-legalos-t03/ROUTES.json	886	4bea42e6eb714ca8435ef7d3f255a168dffdcef458c08423e8c0d649f5ac3732
skills/os_factory/protect/legalos/factory-legalos-t03/SKILL.md	966	8056f3c0375d40533c0b5f4c04623ab767c16ecf50372cb1821a08d0537169ea
skills/os_factory/protect/legalos/factory-legalos-t04/ROUTES.json	935	1e148d4ec3d87cf058b93bec68f52a6314e356845bc4b4ab013d9580992d4e0f
skills/os_factory/protect/legalos/factory-legalos-t04/SKILL.md	978	d756bfbb787192bc0c2a6f1d7c1bd608a8d08b53b8bfeddd1642b49394932c2c
skills/os_factory/protect/legalos/factory-legalos-t05/ROUTES.json	932	7c536218368317e473669ff20eaece91b031fc4fb19037482d226e43bf0274c8
skills/os_factory/protect/legalos/factory-legalos-t05/SKILL.md	1002	984f85b14a9d466c4f4f283526759e5353652cbb6d82d3a2d6e3663674cffa17
skills/os_factory/protect/legalos/factory-legalos-t06/ROUTES.json	909	b6947060ddc5d68869ad5d3798b7557aa8c568514c8408976c3690b36490aab6
skills/os_factory/protect/legalos/factory-legalos-t06/SKILL.md	996	34d771c59dea45df017297a9601eff7d197bd31589998b8cadde14a66a9777c3
skills/os_factory/protect/legalos/factory-legalos-t07/ROUTES.json	929	0bf2876e823ac5102e83987350f7bb780c5a85af14bb2a9e7d207de4fa7d5219
skills/os_factory/protect/legalos/factory-legalos-t07/SKILL.md	999	edf5616e5bc569754e86b702ba8120ae7d7265d928fca8a73f6a8233370f6a94
skills/os_factory/protect/legalos/factory-legalos-t08/ROUTES.json	936	822c0a085252acdbf68ad2ddb115e0c77c0ba1598bf0fdeee4c7b5da44c0280a
skills/os_factory/protect/legalos/factory-legalos-t08/SKILL.md	1014	2141523937ce38206d6db58f5e39b311bafd9b96276c06b857ec45f7d4b5da00
skills/os_factory/protect/patentos/factory-patentos-assurance/ROUTES.json	890	566f67fb125cb1523b3c4ec1c101ce890a50b30f00fdae4b34cbb8bba3797299
skills/os_factory/protect/patentos/factory-patentos-assurance/SKILL.md	1071	ed9380953960204d3d06b85f87b0d797ac6fb2f9e07adaef3c47d119237d61ed
skills/os_factory/protect/patentos/factory-patentos-integration/ROUTES.json	827	79d150fefb3d848cb96fab2aa095b98c9ebaf83d018571548dd10fc0f076e381
skills/os_factory/protect/patentos/factory-patentos-integration/SKILL.md	1070	e4beba8d76651be7f78ee6f699f9fbdb7b85a957bb5ce5e4bde6e581d6b0fa88
skills/os_factory/protect/patentos/factory-patentos-orchestrator/ROUTES.json	1863	c582f7dd03464c0deb372691d63a3121d76735cd376cd204426406b9a0ba9631
skills/os_factory/protect/patentos/factory-patentos-orchestrator/SKILL.md	1327	7a922c7f26a4dc9fb17f5247ed4e7d1a7fc23027ecc8043fb9d64c26910b258d
skills/os_factory/protect/patentos/factory-patentos-t01/ROUTES.json	890	daa3ab9d6319876ff10e1ee3e90bb1d362174f4860dc8abb7654fcb8b742fea4
skills/os_factory/protect/patentos/factory-patentos-t01/SKILL.md	993	1760e5a86bed6940c7768a0556c4589164ee81b4796d59db1b1f96888f30cb3c
skills/os_factory/protect/patentos/factory-patentos-t02/ROUTES.json	852	b8f64dd552fd4d25cfdee927b65ca6ae832fac1335daa2267b62495c9062b36a
skills/os_factory/protect/patentos/factory-patentos-t02/SKILL.md	999	a33d5cdeb239ed25e5e7e9fb744c4479c79cbc45cec69b076dabc8596ee540ab
skills/os_factory/protect/patentos/factory-patentos-t03/ROUTES.json	932	8580715423444beedd78545b23683d11c82476f752a2c2dcc61292f061bfc6f6
skills/os_factory/protect/patentos/factory-patentos-t03/SKILL.md	1017	69a1d58465df216ca08d1c01321beaa0a36bf55d9329999474c5387d70bc0167
skills/os_factory/protect/patentos/factory-patentos-t04/ROUTES.json	851	85c93a0944e54c0f43f85a39cc2a7604e93b197c74b0bb4821159df739a3dd68
skills/os_factory/protect/patentos/factory-patentos-t04/SKILL.md	999	a04b041fe94e23d15ddc225cfb936ec718ea8eef558e46df244675932a45daeb
skills/os_factory/protect/patentos/factory-patentos-t05/ROUTES.json	902	9432d6df5e59fd084a5a629f636093bffce6ff3351bc7df03b6eaad0f4ebde45
skills/os_factory/protect/patentos/factory-patentos-t05/SKILL.md	990	c0a746579cc440d214463731abce20b4af5f78074377bd391037e53aeef4f41c
skills/os_factory/protect/patentos/factory-patentos-t06/ROUTES.json	891	915341fefb84fcfc0069893bf9e6cb06b1f201ebee107952b581e36896d249ca
skills/os_factory/protect/patentos/factory-patentos-t06/SKILL.md	1005	efe25fd363ac4d8c86d4bc882c183af6f173a1c11852129e98078507a8d8ddeb
skills/os_factory/protect/patentos/factory-patentos-t07/ROUTES.json	889	b27068712ba5340acc66f00d750c50f04021baa60e92c43533067f9874bebb1b
skills/os_factory/protect/patentos/factory-patentos-t07/SKILL.md	993	0b5c4d695330722d2db5cba50091ddfc4191274992ea6fa31815f89bd195b2cd
skills/os_factory/protect/patentos/factory-patentos-t08/ROUTES.json	903	e3af0ab6f5c6281058361c4dced9390c02350ad15821f6bb67a448c2fd3feac2
skills/os_factory/protect/patentos/factory-patentos-t08/SKILL.md	1026	919e49e10973b69a3e8b48347ad3236ee47df9877d5a80c4f7a465a4d42f1ea3
skills/os_factory/protect/riskos/factory-riskos-assurance/ROUTES.json	888	75d54d3a2cd8968c19add8339ca48f200bddd48b4f7e9586ac3539b8bd00befb
skills/os_factory/protect/riskos/factory-riskos-assurance/SKILL.md	1065	6ed5d596c7b20fcd67d6ee75f93f9f72890637ee14ce499e0c1d883e843618da
skills/os_factory/protect/riskos/factory-riskos-integration/ROUTES.json	923	a2fcbacfb9339583604e16878e497dce1d2096a5f74bdf6c52214ed7ff065864
skills/os_factory/protect/riskos/factory-riskos-integration/SKILL.md	1064	4342cbdf01691bd9d828fa06374bddb5fe2308c5ca523dc8bc6546379964656c
skills/os_factory/protect/riskos/factory-riskos-orchestrator/ROUTES.json	1991	53abf705e60bb08f1a2129b23ec4b98583ecf66f53688e78628176100475cbdc
skills/os_factory/protect/riskos/factory-riskos-orchestrator/SKILL.md	1299	a6cf14f9068d279095bf4a44b7aae522aae20f75b0670977a1ffa92de0f500fa
skills/os_factory/protect/riskos/factory-riskos-t01/ROUTES.json	992	790212c01dd4139cb5db3f6ef31d0b5690b405e4cca94f79601220de515e8cef
skills/os_factory/protect/riskos/factory-riskos-t01/SKILL.md	996	f31843338c77dc70550aa6758c2b56affd2f100acc627f92a1f806d4760252c0
skills/os_factory/protect/riskos/factory-riskos-t02/ROUTES.json	1014	3c4629b1b6f12fdce3192849ec5e7e9c22064eb1746490b67c39b7a86ff5633e
skills/os_factory/protect/riskos/factory-riskos-t02/SKILL.md	969	3dbd1b0f1b267811631c39d1b299b274403c4e669069f694058cc5f20f689db2
skills/os_factory/protect/riskos/factory-riskos-t03/ROUTES.json	1050	6edaf5a12112db48580c7744027d849450ab7e0e4d33ca5f89db6011b16479ea
skills/os_factory/protect/riskos/factory-riskos-t03/SKILL.md	990	1846931c4f7fa08191b54f5bf2d92c9dd1d0b6709229c352a8b9d52b4f549769
skills/os_factory/protect/riskos/factory-riskos-t04/ROUTES.json	1056	ef75e33e3048add7a087f4e1930b43a3e1bec5b5a18a56f333bd73540ffe2e23
skills/os_factory/protect/riskos/factory-riskos-t04/SKILL.md	993	90eab7610dd180da69ebf61901858f73f42ff0575a90bd923566d2dcea17f390
skills/os_factory/protect/riskos/factory-riskos-t05/ROUTES.json	978	57a38a46c24c363c652a34a191332cc31af12fe93512a38018107e37dfba178d
skills/os_factory/protect/riskos/factory-riskos-t05/SKILL.md	993	9e6dc1e7e8816f42fd752c8a663da0b4a59582e0c010432b34ee0c0ea029afd7
skills/os_factory/protect/riskos/factory-riskos-t06/ROUTES.json	1026	c49f95745cecd67418f8133a07fb64883bdf11f659563e7ebf4c0da6b764a0e6
skills/os_factory/protect/riskos/factory-riskos-t06/SKILL.md	969	b704a07e9683f30d31698fff0e47a9fb1d2f185b2206b637053dfe112f836541
skills/os_factory/protect/riskos/factory-riskos-t07/ROUTES.json	1025	a9c392e5e3174c494e96a3ecfc21801b82e78f1fb7b12485ca541b8397597752
skills/os_factory/protect/riskos/factory-riskos-t07/SKILL.md	969	81400ea3eb4640758c721dcc23b076008a3d97fb47a05570f7c85d39466976ca
skills/os_factory/protect/riskos/factory-riskos-t08/ROUTES.json	1028	7586ba7d77d1a05e88dacfa622896f62d20e1557fde7aec8261e06384e9a1b0b
skills/os_factory/protect/riskos/factory-riskos-t08/SKILL.md	987	b8e57f16bf0c26476eb75d42460d13c75aeaf79ea24e5d05efbdd861adb4a8fd
skills/os_factory/protect/securityos/factory-securityos-assurance/ROUTES.json	1070	7f61d2567a15df1371bff1d5bd06f12f351f960473ffc652d8134549147e2eae
skills/os_factory/protect/securityos/factory-securityos-assurance/SKILL.md	1077	f20480bcca0dea0c0562da47aecfbcebefe160e211ff48f59665f0e7e96cbb5f
skills/os_factory/protect/securityos/factory-securityos-integration/ROUTES.json	991	eaeb47c21896682b1bead483fa8f2a8489bea937d3befb35ded082fd52b315a4
skills/os_factory/protect/securityos/factory-securityos-integration/SKILL.md	1076	f58020c90bca3f83b1b099d6f12ebe762218a8c12afaccc1159b3f0cfeea8eb8
skills/os_factory/protect/securityos/factory-securityos-orchestrator/ROUTES.json	2155	13ecba6d8bfe7a29250e454e5d84cc57249192d935caa15146fedc5f0680feca
skills/os_factory/protect/securityos/factory-securityos-orchestrator/SKILL.md	1335	8b14a89b18029aedb71557980918f8d253434b3b98400087b1ca6eb624c84a10
skills/os_factory/protect/securityos/factory-securityos-t01/ROUTES.json	1092	10db0fa0dd8bd2a79bfe07f490621a03387f9fd50734474dd3f81a4293dad6ac
skills/os_factory/protect/securityos/factory-securityos-t01/SKILL.md	1029	e1496ec887f2c3356200581f687d3065bf764c758d76a81acdb067a24ead0b5b
skills/os_factory/protect/securityos/factory-securityos-t02/ROUTES.json	1043	3127af012152616ad8eaff366193877075a2a52062ae9be1f98668addfee0344
skills/os_factory/protect/securityos/factory-securityos-t02/SKILL.md	1014	d4c9b9dbe8e32c13cf3e7b4ffe84ad7c990071aefa11fa2e652fce4043b1d9ff
skills/os_factory/protect/securityos/factory-securityos-t03/ROUTES.json	1109	e1bbe9a1a4153bad0d6ef720289c9103157ece9f70a3f0883077a8848a090ec6
skills/os_factory/protect/securityos/factory-securityos-t03/SKILL.md	1014	e0b3973b380a89e3d44efb87aa89a4c58514fdfbfd1f1198dddc8ff6f03acbc1
skills/os_factory/protect/securityos/factory-securityos-t04/ROUTES.json	1071	9c92c18688a4f0df2a6a5dbc3e50857bef7d144a15bf6b3ef470592b3c4d3a00
skills/os_factory/protect/securityos/factory-securityos-t04/SKILL.md	981	fa46bad4ccc28a8c9e587ac23ffc1caba34246c86cb3863f722b8fbab4542e68
skills/os_factory/protect/securityos/factory-securityos-t05/ROUTES.json	1065	8d4616906cdee2a33fc7f37c20e8a8f81bb746c2e3a114bf586f8724495136a6
skills/os_factory/protect/securityos/factory-securityos-t05/SKILL.md	990	69624fea6c2ac5487e4006c221c63d9dd3290c7d4f305360bff24a72ce4470ba
skills/os_factory/protect/securityos/factory-securityos-t06/ROUTES.json	1067	80b13eddf40706872a06d7002f236adab75dba72578c89a8c1b80afebfe1aac6
skills/os_factory/protect/securityos/factory-securityos-t06/SKILL.md	1020	a2d89b5273cd0b51828562805aa296d703b48c3c90abdd080be4f19027504a2b
skills/os_factory/protect/securityos/factory-securityos-t07/ROUTES.json	1054	c211681afd9d6f0810fa636de38b13a2e2bea02d4c6f9a376853f7f951495434
skills/os_factory/protect/securityos/factory-securityos-t07/SKILL.md	981	7b668839b929d3e8c578a2ae06294f529cb4386f4251eb86ee4a1153d184281d
skills/os_factory/protect/securityos/factory-securityos-t08/ROUTES.json	1058	40aa76928b6ce6a97f1524ccde76a066e8edd3684211aa8e427b4fa3b46dbdd4
skills/os_factory/protect/securityos/factory-securityos-t08/SKILL.md	1032	5d337ac5257f1b3717d6e35766c9f45f5f55284b1d29dab0feda7c49d9cfbbfd
skills/os_factory/run/boardos/factory-boardos-assurance/ROUTES.json	1011	2b2a334c98a5aa826f59e759353039e3844e83cf8ba6c8da95225b72cbb53bab
skills/os_factory/run/boardos/factory-boardos-assurance/SKILL.md	1068	c2ef3f9ed89a6f4121c147b7e87ef2c22c78ade49782073d06d3e4aec408fd8b
skills/os_factory/run/boardos/factory-boardos-integration/ROUTES.json	897	8128281a4ec68db18cac5d4ca42ccd6d9a6971ec5f6907da5d9c7268352ab134
skills/os_factory/run/boardos/factory-boardos-integration/SKILL.md	1067	68b431d60a6c081b57c1639188466c8a66e9af0ee8bdd26c63264e2a217d70a2
skills/os_factory/run/boardos/factory-boardos-orchestrator/ROUTES.json	2139	41258f56df431843982a6dfd87d1e641057b8c71f92bbff19ad11472bdf6b4ae
skills/os_factory/run/boardos/factory-boardos-orchestrator/SKILL.md	1305	d0a081e40784fd904f0c1d28272c438f42d6c61f7b0a1a8d23858354b71a6fef
skills/os_factory/run/boardos/factory-boardos-t01/ROUTES.json	1055	db98fc6ed89297a3f24938d347088ff43a322a48c483b27dc0234b3b954032b4
skills/os_factory/run/boardos/factory-boardos-t01/SKILL.md	1026	4c6fb6b5bbb415d88d200db4a09911c0af43f29dfbc05b70d75bc8591dc30139
skills/os_factory/run/boardos/factory-boardos-t02/ROUTES.json	977	b56d395a1ad15a6ae4ca255e5b5a2c9ea252492d92da1389c1e2d53d1f19d372
skills/os_factory/run/boardos/factory-boardos-t02/SKILL.md	999	f6bb5e3d978d8eac1edac93f98f93b1548ad597bc6792f81864477d3333e067d
skills/os_factory/run/boardos/factory-boardos-t03/ROUTES.json	1027	e7b7fee51d00f702a5ea377f4989632d683a0414e5dce7105ac7ddf4394d1020
skills/os_factory/run/boardos/factory-boardos-t03/SKILL.md	978	021c10e1630f8cdf814a8cc308380d9557b11f55580d2090f804344826de1c8b
skills/os_factory/run/boardos/factory-boardos-t04/ROUTES.json	1010	252ce40be7c43d17d89ecb5ad26e759ba1a744072790a8e41aa44b13aa145670
skills/os_factory/run/boardos/factory-boardos-t04/SKILL.md	1026	c1bd75f7b7573cbdec32250e6d19ed8c2a2ab69a7c70b971405a8557d89c0a51
skills/os_factory/run/boardos/factory-boardos-t05/ROUTES.json	1040	df60fc6fc970fb17b30aa58ecd2b4a9debab60fe9b4cd2d13c211f9542a65a7f
skills/os_factory/run/boardos/factory-boardos-t05/SKILL.md	1002	ff12e80a63b5cb9c9123daebbb439ba00decf2d3ab36fc6150504d04d64e935c
skills/os_factory/run/boardos/factory-boardos-t06/ROUTES.json	1062	b83b3fefb312410476daec525a6e398d0472fa5452a4e7308ca11c02118bdb71
skills/os_factory/run/boardos/factory-boardos-t06/SKILL.md	987	205611ac5e940ebfb0d994055959a2ab976c349516f4d575a0deda77a08753fe
skills/os_factory/run/boardos/factory-boardos-t07/ROUTES.json	1042	6d7b03dffc7a812c9cd9129a329170ec9d6e6ec46aaa2025e330f7948e72f60e
skills/os_factory/run/boardos/factory-boardos-t07/SKILL.md	987	d8973a1b39cc48532ce60d399d245e43c41b566776932659078349dc6dbf2d0f
skills/os_factory/run/boardos/factory-boardos-t08/ROUTES.json	1034	7d365683d4b95d72658df385c35c4c7f999de270bc17c6e68585a6fb86c50a90
skills/os_factory/run/boardos/factory-boardos-t08/SKILL.md	996	afe19fcb7916120b40f66e2f4c58dbb0775d66a1e9584b05e216f0a4f3feab3c
skills/os_factory/run/enterpriseos/factory-enterpriseos-assurance/ROUTES.json	972	38a91812a707aa80d1dc9366601eeedab29aea6143bc1afebb28eb27af18df35
skills/os_factory/run/enterpriseos/factory-enterpriseos-assurance/SKILL.md	1083	7874a1a093228b4e204e7bc21ef10d0109e37818dff97bfc7414ba471019d77e
skills/os_factory/run/enterpriseos/factory-enterpriseos-integration/ROUTES.json	881	eeca10b7290b35012efe2f100436e4e38357e9df1cbaaba016b6e5b6d6498e13
skills/os_factory/run/enterpriseos/factory-enterpriseos-integration/SKILL.md	1082	7c264ec8358b035bec16a853156af867330ec4340d5af9bb91407aaa80154f2c
skills/os_factory/run/enterpriseos/factory-enterpriseos-orchestrator/ROUTES.json	1954	9fc749fb96f3f7e141bce63830415daf4f0d722369a51e7b1c55492f00b0981f
skills/os_factory/run/enterpriseos/factory-enterpriseos-orchestrator/SKILL.md	1367	34b7d1bdd73753dda370d2c6581a350a7e6530e8dcc25a515ca2888f24a82cd0
skills/os_factory/run/enterpriseos/factory-enterpriseos-t01/ROUTES.json	1001	b15d95500d8be3235ca48b9f3d3710922b61a8743ba1eb30a673d02809078a63
skills/os_factory/run/enterpriseos/factory-enterpriseos-t01/SKILL.md	1023	00d658c839b1c36b3f93b2e69f812a6317931530b160a802a73ff22922769e7d
skills/os_factory/run/enterpriseos/factory-enterpriseos-t02/ROUTES.json	1004	9d13dd33ac5d8a7782ed8cafbc59cc582e6a7fea86c21d3c1ccec14b33766a4c
skills/os_factory/run/enterpriseos/factory-enterpriseos-t02/SKILL.md	1026	9df3bc104dbebd081e1ab34d08c477c85a9b41e7eaaf5559c7226dab4b0c69bb
skills/os_factory/run/enterpriseos/factory-enterpriseos-t03/ROUTES.json	1021	370887a046d42b9f45a843bd005ddbc01f5dd9684ffeabe48c385778be968537
skills/os_factory/run/enterpriseos/factory-enterpriseos-t03/SKILL.md	1029	a2ad40fa692273ff8fdc2e8152f8a395858c672cbf57d545483c163636eb3653
skills/os_factory/run/enterpriseos/factory-enterpriseos-t04/ROUTES.json	955	040e5705c0e62ea22d4acc22ed2f121b78c480e79f1c592885afba8c0502b823
skills/os_factory/run/enterpriseos/factory-enterpriseos-t04/SKILL.md	1014	897aa5b6f7b6862a9cfcdea8d891e9a6dc361822c8a3762d5a01cd9ce68a3525
skills/os_factory/run/enterpriseos/factory-enterpriseos-t05/ROUTES.json	950	8412af05060115d4c975392d1717aa44e1325abd99d99342c9e037e19d0a823c
skills/os_factory/run/enterpriseos/factory-enterpriseos-t05/SKILL.md	1020	9a0fa264b4c7fa5b67fb30555ddbee360ef4ad1b59ed7b09df581a5af0e54138
skills/os_factory/run/enterpriseos/factory-enterpriseos-t06/ROUTES.json	916	da0ccafb0250f297bc69f67edb1f0a5791280a06041d903e556bf9848acfffbd
skills/os_factory/run/enterpriseos/factory-enterpriseos-t06/SKILL.md	1023	337d1325582edbe370633b604a1d8756b51d621e1d844dc249cafeafa7cd8f76
skills/os_factory/run/enterpriseos/factory-enterpriseos-t07/ROUTES.json	1004	f399bc879f308190f1dcd501bbd55afc047deaf84bfc3cb9ae3d1d4f54199d73
skills/os_factory/run/enterpriseos/factory-enterpriseos-t07/SKILL.md	1023	828aaa0ed4f1a7cfaacc7e21c3fd18cec3b6e5592f359f6e96d5add4bef8118f
skills/os_factory/run/enterpriseos/factory-enterpriseos-t08/ROUTES.json	1000	c0f79ac56ff9effbc68223e8b43d1a382b304e79065c5df45743d1db4b8b0af7
skills/os_factory/run/enterpriseos/factory-enterpriseos-t08/SKILL.md	1008	8ace9050bd0ab74d85163646d7f9a9620fd2c8596f6ecfd934f0410bf2301fdd
skills/os_factory/run/enterpriseos/factory-enterpriseos-t09/ROUTES.json	1247	41c2563c4c20dad4c10c5b7f4b9af1467b0750015843314d9848b0b4e3fa7f6d
skills/os_factory/run/enterpriseos/factory-enterpriseos-t09/SKILL.md	1023	54224795646506e0783733c1ce3c49bdc1850d7268ee361c886c5d10cf63f9c6
skills/os_factory/run/executiveos/factory-executiveos-assurance/ROUTES.json	1009	8480b32ec886f327befaeab9f9ee7aa3fae765aead6106fb4ec777dc65994d43
skills/os_factory/run/executiveos/factory-executiveos-assurance/SKILL.md	1080	150b66bb316854ce255f6f0867664b1e6bfc514fec1bdd951eb12d2062304dd5
skills/os_factory/run/executiveos/factory-executiveos-integration/ROUTES.json	1074	d0329995c96d3783717976c0f3a9f3550d808f93042b82413b1da07f49e71e2d
skills/os_factory/run/executiveos/factory-executiveos-integration/SKILL.md	1079	f5270088c3962547e452c41aa4623516954729bec7330aa3fdc1b344433e2f16
skills/os_factory/run/executiveos/factory-executiveos-orchestrator/ROUTES.json	2053	59d99be400e5962fe1cace180b39035665a6caafc4676c91dd55a76ea04e016e
skills/os_factory/run/executiveos/factory-executiveos-orchestrator/SKILL.md	1329	be8b98093dcb71d7184ee4db51a4bf23ca3e00e6c6e529a2b2ac3013effc8264
skills/os_factory/run/executiveos/factory-executiveos-t01/ROUTES.json	1075	5b8efd298be6c89e18bdfe16f16059ad80d7bf82faec7fc25206747321ea4ebe
skills/os_factory/run/executiveos/factory-executiveos-t01/SKILL.md	1032	fa63112f78c7062acc41f541e7803e1eedab091acd23dea305f5dad64997b6ed
skills/os_factory/run/executiveos/factory-executiveos-t02/ROUTES.json	1003	4ac470e585375ebb6178f1bf6f2a079bc542eccdf9034c8bb127f23754ebd16a
skills/os_factory/run/executiveos/factory-executiveos-t02/SKILL.md	999	f111dc7132ebe080a2617ab163f811f07778549f9491df59642e7c33db632385
skills/os_factory/run/executiveos/factory-executiveos-t03/ROUTES.json	1050	9ba8828ee7364b90b6ed7897045e1ecb12ad6d86200e20324d766ecd7cfb7eef
skills/os_factory/run/executiveos/factory-executiveos-t03/SKILL.md	996	0f6dab615b933204e44c3f6fbfbd6e4164868a4452106febb5c8e59e8c0adff7
skills/os_factory/run/executiveos/factory-executiveos-t04/ROUTES.json	1037	ce553711f076f17c45ca7ace78e99b98ceea927d71b0120a3410519166147f02
skills/os_factory/run/executiveos/factory-executiveos-t04/SKILL.md	1014	bccb6602020db7b360cdb630444659b0d6a3fdcbbd0d37c6ac3e5b776613d541
skills/os_factory/run/executiveos/factory-executiveos-t05/ROUTES.json	1102	66a819cae52ec07b950b128b67f423968b816a75700d6ed7eb105d59b1b68b1c
skills/os_factory/run/executiveos/factory-executiveos-t05/SKILL.md	984	827d71c5112d2dbed5c8f594701e3d1ebbafb875375f507956d22e8aa6125e93
skills/os_factory/run/executiveos/factory-executiveos-t06/ROUTES.json	1087	ca4119c2837b47151ad617027c35dba06e2b13117c85b1bf3ced0661450838a6
skills/os_factory/run/executiveos/factory-executiveos-t06/SKILL.md	981	5dee3d18afafdba67c00794a7c584b88133eae5aed9b0fea6b3864aafbd6958b
skills/os_factory/run/executiveos/factory-executiveos-t07/ROUTES.json	1048	3a6b2cb78032b876b54c1c98647f6b2c9a29582c61679185acc7956dd08633b3
skills/os_factory/run/executiveos/factory-executiveos-t07/SKILL.md	1032	3b293f69b451660578c744e5f20312950c747cdbd8ebced8c6d309dacd4d98a8
skills/os_factory/run/executiveos/factory-executiveos-t08/ROUTES.json	1025	8e5da5d94a1d58a4c039a9260a72688ad86d810951b7061bdfd926b0e3e61284
skills/os_factory/run/executiveos/factory-executiveos-t08/SKILL.md	999	d8716d3d870e31ea362963a35c7aaba3b335d0e495395c08d458c4e300bb41d9
skills/os_factory/run/franchiseos/factory-franchiseos-assurance/ROUTES.json	785	a0eaad5d3ee865eb7a365dafde7092230711ba5d5d436770799ff1879341b6bb
skills/os_factory/run/franchiseos/factory-franchiseos-assurance/SKILL.md	1080	dc514b9d735a56ca212861a086f5f3464e9428c93450ed0708aff8f17ee591e4
skills/os_factory/run/franchiseos/factory-franchiseos-integration/ROUTES.json	794	6b20871c1c30d2c79209c6568f901cae88c8b4397d6f66a91b7155f148647d35
skills/os_factory/run/franchiseos/factory-franchiseos-integration/SKILL.md	1079	7160cb710e2a39674e8550ccea3700935e08f071110a3563f98659cf5a3ef4af
skills/os_factory/run/franchiseos/factory-franchiseos-orchestrator/ROUTES.json	1215	a8a83c3e6118e1321fa770f1be8e195588cef0efa594784e9618d4eca1b5a723
skills/os_factory/run/franchiseos/factory-franchiseos-orchestrator/SKILL.md	1300	539870ed1374389c87fc6b44a6a16633f132a6b904c4a87fb014e207dd02e787
skills/os_factory/run/franchiseos/factory-franchiseos-t01/ROUTES.json	835	ff678a73a18c1da37785156f549941494bc429627ccf4b04ea914d947851e8a5
skills/os_factory/run/franchiseos/factory-franchiseos-t01/SKILL.md	999	1825d6a54d87cf6359b04fa37961251d2efd891c7f97f576c23ce47e578b8518
skills/os_factory/run/franchiseos/factory-franchiseos-t02/ROUTES.json	680	12769b026e4b957b75516a24150f8d2b17a71918ea7610c962576d2da3ca7c9b
skills/os_factory/run/franchiseos/factory-franchiseos-t02/SKILL.md	996	4829f612b391fb5b11778d6a622beea543c4b84004b999811b6151336c432dc5
skills/os_factory/run/franchiseos/factory-franchiseos-t03/ROUTES.json	854	1401634eaf5700e50f0c5d370c02bccf5b929bd478d88d2e6a88871269d726e1
skills/os_factory/run/franchiseos/factory-franchiseos-t03/SKILL.md	1008	10262244cd95b4abb0eae90eda35247df163515c15fc83033b8eac4f3833e0a4
skills/os_factory/run/franchiseos/factory-franchiseos-t04/ROUTES.json	714	acdec316cc82b3eca1aa31b4b139c234ca9f769d54a1d4696be37eea6a57159d
skills/os_factory/run/franchiseos/factory-franchiseos-t04/SKILL.md	1026	dcc0731f735d9ce0250eeddf2d9e21fc1717bb38cc113a74da05cb82209dba0a
skills/os_factory/run/franchiseos/factory-franchiseos-t05/ROUTES.json	624	aa18ca882e2eabbdaf9badb263e27384a7606eab67d4d7777d6de68922f4ee3c
skills/os_factory/run/franchiseos/factory-franchiseos-t05/SKILL.md	981	6cbae011277b5fe5a0f9fff15e96a0285a9f8a812b19532c3946a8de85b98960
skills/os_factory/run/franchiseos/factory-franchiseos-t06/ROUTES.json	624	e618e582af96ce88056347bba64c54a38a39fb9c651951517351be29af388399
skills/os_factory/run/franchiseos/factory-franchiseos-t06/SKILL.md	990	a188ca3df797383b4899174d943c0d3a622140120087d5503a3b9c097836e2e6
skills/os_factory/run/franchiseos/factory-franchiseos-t07/ROUTES.json	863	88cf1d5e7946afb108c5a51b13ad821625c59a8c9d6e3a219c82019cff0e9739
skills/os_factory/run/franchiseos/factory-franchiseos-t07/SKILL.md	1014	d38b017277a9f3a25fade3c99f7ed1b882140345ccd831770eb3e479fb828e60
skills/os_factory/run/franchiseos/factory-franchiseos-t08/ROUTES.json	908	53068bc937be146d54d64f76ad1d31c9f8e29a4ddbf999cacb09d0e92620be3b
skills/os_factory/run/franchiseos/factory-franchiseos-t08/SKILL.md	1023	4f7b8508ed5b7efe113b1f89a4f689f6c321094b77e647e7c6de0527ceaffa08
skills/os_factory/run/pmoos/factory-pmoos-assurance/ROUTES.json	922	b08fe4edd952792b76de3aba38bcb0d364a32d2bd3841a7def7b18f329f85795
skills/os_factory/run/pmoos/factory-pmoos-assurance/SKILL.md	1064	456faab948612f9ca3ff9fb7a30443cf551e078157100f13767d2ecc05643fcd
skills/os_factory/run/pmoos/factory-pmoos-integration/ROUTES.json	901	0c06f82f038716c6c16f3dbb7e11ee8c42075fb15aa320d844279ef535491eab
skills/os_factory/run/pmoos/factory-pmoos-integration/SKILL.md	1063	669d2c266347d6c09938a72dfae55fb9dfa3229bebca2d78fa6b83338ea97ae1
skills/os_factory/run/pmoos/factory-pmoos-orchestrator/ROUTES.json	2082	d8bb9593704c212ad2ef7198fa0d9b950728a86701d93311fee539755d55e981
skills/os_factory/run/pmoos/factory-pmoos-orchestrator/SKILL.md	1306	98f9085aa925e86ca142132d25c29db3e620b49edf2563df139cb7a5bc4122bf
skills/os_factory/run/pmoos/factory-pmoos-t01/ROUTES.json	906	dac8927f6577d5494859d2ea6384db2d9bbd99694332c4c0f76644332d7b1daf
skills/os_factory/run/pmoos/factory-pmoos-t01/SKILL.md	986	f7d4502b3113d295caf288efac55074ab24ec5faba4a2e093b474fe4b9775fda
skills/os_factory/run/pmoos/factory-pmoos-t02/ROUTES.json	1003	e058b489328101d420b158af3fb7b5e3a22a0d8a3e8f83e2bf6aad2b87935cc0
skills/os_factory/run/pmoos/factory-pmoos-t02/SKILL.md	980	06b1fe1d903a873fbb20449f59cc3f5a15fcb2fd7b71ca09d26631a4ed24370f
skills/os_factory/run/pmoos/factory-pmoos-t03/ROUTES.json	1000	39dfd4b51d984dfacde306fabf9ab3dc3e50007827d8af6410eff59015cce2b9
skills/os_factory/run/pmoos/factory-pmoos-t03/SKILL.md	986	44d6be84b0095871d870d422da371fcb371abbef2bd42d85e133034fe96fc345
skills/os_factory/run/pmoos/factory-pmoos-t04/ROUTES.json	966	71560f3b71274fbad8c59772cd1057bc9c5baa7e109b8362b8ba3067330bc99d
skills/os_factory/run/pmoos/factory-pmoos-t04/SKILL.md	1013	a019456d3dfdbe29d9e738c8c60abd5b48787675399ce0a88c38dda1b7694fc0
skills/os_factory/run/pmoos/factory-pmoos-t05/ROUTES.json	808	08769005c4244b4c12031dced1b08cca7e0693a34d594cd71090f9e3a3372737
skills/os_factory/run/pmoos/factory-pmoos-t05/SKILL.md	992	bd1f1fae6cf7c7028f7818da6cc64e69600293ea30a6679c026601587d37b36b
skills/os_factory/run/pmoos/factory-pmoos-t06/ROUTES.json	970	4bba400a6a7a8b8497ef226a6817ae0248d93e8507efeb9fc9d523f2ecc73527
skills/os_factory/run/pmoos/factory-pmoos-t06/SKILL.md	971	fc1e7edb95831ec0f7b71bcbb22c83005f4c646be0aaf07bb7289b136e2f7569
skills/os_factory/run/pmoos/factory-pmoos-t07/ROUTES.json	1054	403582e0cdc5c8b461cb562583e5ba2503821275f96eff587ea141d03d087a12
skills/os_factory/run/pmoos/factory-pmoos-t07/SKILL.md	1001	7fc505bf215f175cc687fb5a2d296e167c2132074dbd28a9d1e9ae5d415a1aea
skills/os_factory/run/pmoos/factory-pmoos-t08/ROUTES.json	983	fac51d1252a9230dcdfc45d9563a063985a4ba1f603ca33025b7200d6fc88edf
skills/os_factory/run/pmoos/factory-pmoos-t08/SKILL.md	998	0590951d583e3c82a0598821d0c720bbb2914313dee11ba91f4611b41f15f2ca
skills/os_factory/run/procureos/factory-procureos-assurance/ROUTES.json	985	c74712e2cd37cabc8040c11bed486185a653ae155900f8cf5d3cff1b8b9b2f60
skills/os_factory/run/procureos/factory-procureos-assurance/SKILL.md	1074	f57ee84b41d18fca00038e5cca443d5ef2eca46940aa9e852a4e1dfb4cf6c89a
skills/os_factory/run/procureos/factory-procureos-integration/ROUTES.json	874	aa62c28b1adb65fe19e174015de978a6ba5c66427cf6baca41ab1c9403fb3137
skills/os_factory/run/procureos/factory-procureos-integration/SKILL.md	1073	c70d7c0d484b02ca47edaabdd063f9db1b98b1a027d6ca914f51829039b9933c
skills/os_factory/run/procureos/factory-procureos-orchestrator/ROUTES.json	2060	9f0d3ff86566da191bd33e178459e25a53eff1bec4871be07e6a80c1db6e3e06
skills/os_factory/run/procureos/factory-procureos-orchestrator/SKILL.md	1325	71412259808b9093340f53cc3a6a49b3e6a29156a6e99c6b931f46bfc7ad48f5
skills/os_factory/run/procureos/factory-procureos-t01/ROUTES.json	963	161f4c19e5456a009df9a8cabe75596af3d987d2565aabf84e6cbc5b1b4a0657
skills/os_factory/run/procureos/factory-procureos-t01/SKILL.md	1008	e016eeaceb75b8b02a13d1a9141d1d7e95d4accf6cecbdafd7a5fb60125b7202
skills/os_factory/run/procureos/factory-procureos-t02/ROUTES.json	945	a4b22a57c416d5c9b3ec1c70e17ea6e2691370ff214406498cbdba616b701b12
skills/os_factory/run/procureos/factory-procureos-t02/SKILL.md	990	4a69350dce9a665069776f3089f7919cdde1bc92c00140d2ba757708519934ec
skills/os_factory/run/procureos/factory-procureos-t03/ROUTES.json	998	8d1caea0a6bb1e415b873ac349cdd914382545ad2c22cc0aa968b854e9c39480
skills/os_factory/run/procureos/factory-procureos-t03/SKILL.md	1002	4496706fe8f624321d99c1aebba10d65b1cf88a7d7c9412802f6bd49aadd1f62
skills/os_factory/run/procureos/factory-procureos-t04/ROUTES.json	950	0232ed373f28cf579048466afe2d7741ae70fb55eb34788a9b442f9599bca1a6
skills/os_factory/run/procureos/factory-procureos-t04/SKILL.md	969	2e4cb4bf96fd8a6d13c9d1251c9bec301676867533d228732af2652ae46a5b05
skills/os_factory/run/procureos/factory-procureos-t05/ROUTES.json	972	a278276567f025b345e1074107c1fe47efa9279f015cf2d2633d2206b79a1bcd
skills/os_factory/run/procureos/factory-procureos-t05/SKILL.md	978	24f8bad2931e61b20964c4be58724fb4f2500c2d13c10566a5f598ea65a54529
skills/os_factory/run/procureos/factory-procureos-t06/ROUTES.json	1012	b220016d94368cabf48c91c6b11915157cf52811a30e4f34e846bece890a10a1
skills/os_factory/run/procureos/factory-procureos-t06/SKILL.md	1002	05c949e15f30d3ce58b88694f50bb63670a2d721a5f94d80dcc739e9d2ed45c2
skills/os_factory/run/procureos/factory-procureos-t07/ROUTES.json	1000	448a442c1a8fd848ee58028ae5d3ccd8381b7e71a94bcc313ae7edaa0f83233f
skills/os_factory/run/procureos/factory-procureos-t07/SKILL.md	1005	4669c578497b6057001ef0ec4970f72f82bc2e7afeacba5c373ab062ca15207d
skills/os_factory/run/procureos/factory-procureos-t08/ROUTES.json	1006	c67786c4c3b2ea3fd1771263591e7f55cdb6defea64645a3b9961bef8b988c09
skills/os_factory/run/procureos/factory-procureos-t08/SKILL.md	1008	0812e6ad17fdfc86b0af970b0baeb19a11819e34dd11293cb0d05f930fbc1c48
skills/os_factory/run/procureos/factory-procureos-t09/ROUTES.json	987	c0bdc03e472d712f09e286d712285419919f0cc4e5d0015f391260707b284cdc
skills/os_factory/run/procureos/factory-procureos-t09/SKILL.md	969	c8d1ea758e28b808c2fe5e4d0eb9aedbc7079d2b5a6f8b7704b4319d9f448edb
skills/os_factory/run/propertyos/factory-propertyos-assurance/ROUTES.json	1004	61fac95aa8f978f34702cfced22095c377d5b44604098e36f621438fd17d5f7d
skills/os_factory/run/propertyos/factory-propertyos-assurance/SKILL.md	1077	3a1c25912d0ab512f219ed8376923353aad0df19ceaf8e7ca201bcb2ba4407fd
skills/os_factory/run/propertyos/factory-propertyos-integration/ROUTES.json	961	786eecb232eb91ea2f0f39fb480a228abd63500bbed3bc4f4d168a9f01b74622
skills/os_factory/run/propertyos/factory-propertyos-integration/SKILL.md	1076	bb701101c3aded36f93bb3488ff64478e8a5b34fcc0032e156900ba83cee95d6
skills/os_factory/run/propertyos/factory-propertyos-orchestrator/ROUTES.json	1952	8cd5dc97700911a6dadd3cd728090e915bd8d637bd9332bb7fd042771692a5ae
skills/os_factory/run/propertyos/factory-propertyos-orchestrator/SKILL.md	1335	28ab852881302b9120ae755622e6947d5a0e2cc01683578a505126817bcc7faa
skills/os_factory/run/propertyos/factory-propertyos-t01/ROUTES.json	961	df98e34ce6e9847648429d39e34472323fbac0930006244a4d7c6b5deaed7fed
skills/os_factory/run/propertyos/factory-propertyos-t01/SKILL.md	1023	05e177474c1183b0a66eea6ac986fb38283285775e111e40f97caa1e8f888383
skills/os_factory/run/propertyos/factory-propertyos-t02/ROUTES.json	969	359ae076d99145c618e9b685213315de316c12f469a5b2761c53235522b0f05a
skills/os_factory/run/propertyos/factory-propertyos-t02/SKILL.md	987	d2240331911716f33165e61349f200456e775f681ebf419c2f3f698feea364db
skills/os_factory/run/propertyos/factory-propertyos-t03/ROUTES.json	962	4bf59f06293f2dc7da1d05972c2f476d960933ec5137d5cd23053fd26f1e3d17
skills/os_factory/run/propertyos/factory-propertyos-t03/SKILL.md	978	239c03b4237232623d12f16c20794b77420c9814169ffa80c43b3177d24f6fa6
skills/os_factory/run/propertyos/factory-propertyos-t04/ROUTES.json	968	97e5d1b0f0c5064d04045fde0affa0787b1d301688af948fc33fd1bc8e99eca1
skills/os_factory/run/propertyos/factory-propertyos-t04/SKILL.md	1029	6342fb60ca5afe4c66c0fedc52da8be085364ffe0b70236b4442256348abf94f
skills/os_factory/run/propertyos/factory-propertyos-t05/ROUTES.json	963	9a6f2af9c640de806305d71fb71fd013b0f23fd9870c49ee3ce1db6c0088dd43
skills/os_factory/run/propertyos/factory-propertyos-t05/SKILL.md	999	4644c4b30a0c2c37d31441cb53b8f9c8477fa1f67f8527959246158af0b853d0
skills/os_factory/run/propertyos/factory-propertyos-t06/ROUTES.json	960	91d365e768183fa8032a7c8c0689076da2cb76721674c37d7121b7f6ccb0da71
skills/os_factory/run/propertyos/factory-propertyos-t06/SKILL.md	999	517321239c24c644ad85a270987bcc09a42fcf128e9d67484654db4070c9f2cc
skills/os_factory/run/propertyos/factory-propertyos-t07/ROUTES.json	1012	32c9b204589162a3b451c3014ead569500898b1a8b9f3dbe2bf1ff148bec61e2
skills/os_factory/run/propertyos/factory-propertyos-t07/SKILL.md	999	b803c05bedae0a12e22608a39bc3f2a7ef6251afa3df47c0d5bd15feea87b085
skills/os_factory/run/propertyos/factory-propertyos-t08/ROUTES.json	974	87b616d7e508d0691a64d0190e5e1a336363f804abbaa462772e983ddb76c20c
skills/os_factory/run/propertyos/factory-propertyos-t08/SKILL.md	1008	fd9c0dcb44732bb3aa2168f78d12b3db2fc969fea475288b6b119aa4c91f45df
skills/os_factory/run/recruitos/factory-recruitos-assurance/ROUTES.json	925	3cf8e9888d76c397b4e9bfe601fa537f1999468699a42fa40ca412034c6bfeb1
skills/os_factory/run/recruitos/factory-recruitos-assurance/SKILL.md	1074	9ea86219dc466ab32b89c48c2f2296bbc190f3c364e6c3b9c29c61ff1e11c0a5
skills/os_factory/run/recruitos/factory-recruitos-integration/ROUTES.json	817	43e826bac1eadf46a5d598cb5ef9f30480c8f8089c67cb82b0264e746d6de366
skills/os_factory/run/recruitos/factory-recruitos-integration/SKILL.md	1073	d9c19d439bde841de1428bcbc6772d8889466891e36f60467cac84cfacc2e0f3
skills/os_factory/run/recruitos/factory-recruitos-orchestrator/ROUTES.json	1858	75177ce7ff0b057054485fc1d4805bb4bffb39204505926b2490ef65d6429104
skills/os_factory/run/recruitos/factory-recruitos-orchestrator/SKILL.md	1322	a034b3b68aacab348632ffebd9ff8b020ce5b9594be207b7bc107be6b89b7a6e
skills/os_factory/run/recruitos/factory-recruitos-t01/ROUTES.json	905	a09fa114ff1b069e1955342779e618f141fc20b9f9e6de00a0f36d6dc18c84c9
skills/os_factory/run/recruitos/factory-recruitos-t01/SKILL.md	981	c11f9c1ff1c64c05a3b5e19d5b761204177fdb9f5c6e9adc5eeb9ed3ba8316af
skills/os_factory/run/recruitos/factory-recruitos-t02/ROUTES.json	902	ed13f419f3d88920df60d407287686819daf9a8d968f883e54b8ee52d2ddef52
skills/os_factory/run/recruitos/factory-recruitos-t02/SKILL.md	999	dd1d4334bb89bc7ecbe306bed31dc758b6106d2be805d08babf6b7e424a35436
skills/os_factory/run/recruitos/factory-recruitos-t03/ROUTES.json	933	dedaf5b40c1e3507d36dc0a9debf8153f1061c5d31e02f926ab69bddb72c4095
skills/os_factory/run/recruitos/factory-recruitos-t03/SKILL.md	1005	599760e9e6965c8f5cede7204c47bd18ff59c32ec856560821e476c98cc35c16
skills/os_factory/run/recruitos/factory-recruitos-t04/ROUTES.json	917	f82eb426426a022a300b46850341ef7d212779039b6b7dfcdecdd2e0ae553e98
skills/os_factory/run/recruitos/factory-recruitos-t04/SKILL.md	975	a426aca3d07fd9f888e9e5e3cb5564050c3affbc894877da790867d115da19b6
skills/os_factory/run/recruitos/factory-recruitos-t05/ROUTES.json	934	8db390c9ab4f202fa2df1a32b6a6548ecfeadd0b1c235949ffef3b0183b6d9a0
skills/os_factory/run/recruitos/factory-recruitos-t05/SKILL.md	978	d20fe13c5eb8f55b58bcd7e7c1dd541c47d8045323f3231524584b7d0a851faf
skills/os_factory/run/recruitos/factory-recruitos-t06/ROUTES.json	927	3cd46c3354ed382413f524eb5b6b915fb6e2a86224a36d5c26a446cc1d83a903
skills/os_factory/run/recruitos/factory-recruitos-t06/SKILL.md	990	91e79a36c9312b303bd193ea6d1839d9c7e4d71c9b8f8a56881ae21e7e032b22
skills/os_factory/run/recruitos/factory-recruitos-t07/ROUTES.json	918	0fc0eddcf1735793720a8c1b7d52badd2b95df226dd502869a38e6f043458fb9
skills/os_factory/run/recruitos/factory-recruitos-t07/SKILL.md	993	0d99965c2617fc145665b917de15ec89bdb5a5b973be61e51be949de12411613
skills/os_factory/run/recruitos/factory-recruitos-t08/ROUTES.json	952	cddf15682a2a26ac65aba1ec283409780f15e920662d1d881d61dc7ad2ddcd09
skills/os_factory/run/recruitos/factory-recruitos-t08/SKILL.md	1002	a1f961797363369b448e66a36ebae64990b0b5c3f7d96177e1a12cdb27c967a2
skills/os_factory/run/recruitos/factory-recruitos-t09/ROUTES.json	912	299711380b46cfbbc2dd67cf84cbbe1976a89c7963490cf3f1aa0fea4e4c38e1
skills/os_factory/run/recruitos/factory-recruitos-t09/SKILL.md	996	13f42ec34a29ecc797b31dbaa5120cd5dbcae25886a627e20ab2fff0ef21e67b
skills/os_factory/run/supplyos/factory-supplyos-assurance/ROUTES.json	991	528f60528fc36f750d1a864f15afc5b42254355514c7555b8b7e881cbf91c54c
skills/os_factory/run/supplyos/factory-supplyos-assurance/SKILL.md	1071	71abef7dc65c42dc29f3858b806e149a1aef41e0e087f0862a232cacbb818be9
skills/os_factory/run/supplyos/factory-supplyos-integration/ROUTES.json	875	de26514d7b2ea465a2aa06417ed9506757621226d34c91498bc327f785c7bdd8
skills/os_factory/run/supplyos/factory-supplyos-integration/SKILL.md	1070	8cb98a6379e99d8a80587cf05592c1a89c5647fd360cba5aeb45951799fe15fe
skills/os_factory/run/supplyos/factory-supplyos-orchestrator/ROUTES.json	1977	d963077775a43b1ad2ad1f36b707267902989cbac7f1ed2fccad9e0cb5aea5f6
skills/os_factory/run/supplyos/factory-supplyos-orchestrator/SKILL.md	1303	966e15f4499cbad2ade1cee88c17eba2e1457775294d76192a43bf66c14d7549
skills/os_factory/run/supplyos/factory-supplyos-t01/ROUTES.json	957	ff7ccde95c9d124288a6ec0eb889b2c76d2d442180a364d1628a138b44fd4d1f
skills/os_factory/run/supplyos/factory-supplyos-t01/SKILL.md	984	78236a434bcf697ca4c9794c51a08e09ffbb9c6b43022af273177db70ba9210b
skills/os_factory/run/supplyos/factory-supplyos-t02/ROUTES.json	955	b32f110541656629c26578e782391f672d438daf04e509d876e25679bcb0a7e1
skills/os_factory/run/supplyos/factory-supplyos-t02/SKILL.md	978	b72557320fceffb74a1851888641d651076dc2c3ddced49521e11fb028cdf0b2
skills/os_factory/run/supplyos/factory-supplyos-t03/ROUTES.json	964	a98299a6ab622512c4fb2da6bd4081e12d89f29f1f0b01a1ff67b71a4a200735
skills/os_factory/run/supplyos/factory-supplyos-t03/SKILL.md	999	852d28e0a129be952577a7bd23536c846fd66d2076a9cec33012f9658744fd32
skills/os_factory/run/supplyos/factory-supplyos-t04/ROUTES.json	953	6848b9bfb7a137050d63e68d594764129c8dab1e7bab9fc24f9ce074e9ac85d0
skills/os_factory/run/supplyos/factory-supplyos-t04/SKILL.md	993	6b15d4e37d80ccff4e0f38d1af39a322e88c673c506cf8c1ed30e379344805e2
skills/os_factory/run/supplyos/factory-supplyos-t05/ROUTES.json	972	638a0044289d29d4a035e04b2700fc268977eea4d724aa54a172384f606613cf
skills/os_factory/run/supplyos/factory-supplyos-t05/SKILL.md	987	c0a8f3142278a0147ff5d81a5840a67b348612019b36fb25f7dcfd5dac78415f
skills/os_factory/run/supplyos/factory-supplyos-t06/ROUTES.json	910	88373e2ac3ecbb803299eaf0dc5558bae38f855edbad20c7897e620d5f2a235b
skills/os_factory/run/supplyos/factory-supplyos-t06/SKILL.md	972	750d9f745d55da53cd72f7de05e30fe2bc06c79b7db04163f727959ed2ccf4e9
skills/os_factory/run/supplyos/factory-supplyos-t07/ROUTES.json	975	a0798a76ddf8216508705e2274e849d612c9f004838f9140b30d33fad952b0d0
skills/os_factory/run/supplyos/factory-supplyos-t07/SKILL.md	1014	652e7fb984662dae055c9727d69bc9eb98eedb4b82c4d93dee3585a376367bc5
skills/os_factory/run/supplyos/factory-supplyos-t08/ROUTES.json	985	e08350f44c1e06fc5a49477fac860233f8827ba8432d232d43b2a2c871aea252
skills/os_factory/run/supplyos/factory-supplyos-t08/SKILL.md	1026	97103cf75e20c2d5c72b4bcd941066f166174b381434037441d1af468dc54459
skills/os_factory/run/talentos/factory-talentos-assurance/ROUTES.json	955	7171e814d0633f2f125f3efc333a131e596a9b4f7e60dc43f2ada2ad5f6ee652
skills/os_factory/run/talentos/factory-talentos-assurance/SKILL.md	1071	dc59c8b16de855d97dade785b953da93329785236abd0dbe8f875c1d617c44f0
skills/os_factory/run/talentos/factory-talentos-integration/ROUTES.json	870	e16fef93f621bdfdf53aff78d6ca451d129ff2830731c85890345b1ac0a414cd
skills/os_factory/run/talentos/factory-talentos-integration/SKILL.md	1070	90d366e9c25598cb22a55845c860dce4ed7eb71300eba58737daa4f5673d0fc0
skills/os_factory/run/talentos/factory-talentos-orchestrator/ROUTES.json	1866	7431d9f804a6f554113689ff28b754bd54f188c453f99c2184a1dab4f721bbb3
skills/os_factory/run/talentos/factory-talentos-orchestrator/SKILL.md	1332	11415e699be2b6f4c5a47c5b4cbc05264122378218fcecb6f57caf10a971d2be
skills/os_factory/run/talentos/factory-talentos-t01/ROUTES.json	897	596ad3449c81f4c61e4d3df4e87c1ad713bd124702de66ebc0886bc4f9b05aaf
skills/os_factory/run/talentos/factory-talentos-t01/SKILL.md	1023	9d269d9e57a5f5e5a051bbf308ddee1661c77ca690df391e80e045e1f26ab07b
skills/os_factory/run/talentos/factory-talentos-t02/ROUTES.json	898	2fd65f2f23ae6983dcd26291420746dbb56da486425bc9a08652dc32e9042f19
skills/os_factory/run/talentos/factory-talentos-t02/SKILL.md	1005	06c19a991dd5e423360643123a80ac939a57ae5a8f2f76538bd72e228a68c56b
skills/os_factory/run/talentos/factory-talentos-t03/ROUTES.json	892	7e3264fb7e061d899a6a2a9ec988bf05843d73e62c16ce4d6d7b37da79736e6f
skills/os_factory/run/talentos/factory-talentos-t03/SKILL.md	981	8a5dffc53e2e94900859e015d799fbd02bdbf78097f84ecdae0ee5bf0afa06a2
skills/os_factory/run/talentos/factory-talentos-t04/ROUTES.json	900	50ff310b5f437406f197db0451bf8a8a14179080c398f94dc64fee5ffc43d60e
skills/os_factory/run/talentos/factory-talentos-t04/SKILL.md	1047	9332842c81a92812aa9b01d87bbd9d7e788e0485bf25efd341a014dc13ab994a
skills/os_factory/run/talentos/factory-talentos-t05/ROUTES.json	897	d35401a6dfec6ea07b1be1e114131d18d3def451cb141e5d1d9f76b1be14705c
skills/os_factory/run/talentos/factory-talentos-t05/SKILL.md	1011	0c48aeed92f15c906689808a5b0297fc4ec3bf337b168717367792add967fa97
skills/os_factory/run/talentos/factory-talentos-t06/ROUTES.json	877	6102bea4debcf4e0f955b4d4b36f290dffcffc6bdbae198b5f83b4705371ad78
skills/os_factory/run/talentos/factory-talentos-t06/SKILL.md	978	cf0fcb56daa773100785c75ede0053df7d2958db7988156ba94977f7a31251c3
skills/os_factory/run/talentos/factory-talentos-t07/ROUTES.json	897	d74eb27605801e0e1f2e04ed4356d458335b072538034b341e0d8388ec6504d9
skills/os_factory/run/talentos/factory-talentos-t07/SKILL.md	975	c3a6f88e8c834e9e5ddc4cc2c9f32d5eb0d40114ab0c90356730321f4054cf78
skills/os_factory/run/talentos/factory-talentos-t08/ROUTES.json	911	aeeb52b98415793dce2d8f5c6ba3b20fa510c017dee3589def465d764826e1f7
skills/os_factory/run/talentos/factory-talentos-t08/SKILL.md	999	b38866507ea55da241a4fa2692e9ef3fc4f3447a930c3d47ad1e0447fe9b9423
skills/os_factory/run/vendoros/factory-vendoros-assurance/ROUTES.json	1003	2a4f3423c2b0b752debc04ad0814bab594563a3939d59cfd85dd5f2305c1ce14
skills/os_factory/run/vendoros/factory-vendoros-assurance/SKILL.md	1071	29d0cd5ab5a95a4c7583d5de11d903cee28b04c56781c2ff89875d7662bbba00
skills/os_factory/run/vendoros/factory-vendoros-integration/ROUTES.json	867	c22f9bfcf7e050fce1fa13bacb943f0a3cfb88bea12a831d9304257dd35f37b7
skills/os_factory/run/vendoros/factory-vendoros-integration/SKILL.md	1070	3e98b0ca660b008bf0bc56efb5bddaea0a5d81fb9267b2668aba8b5427c067bd
skills/os_factory/run/vendoros/factory-vendoros-orchestrator/ROUTES.json	2091	c9606d023c4460ba6d1bcd3c4edf0223c5b6e036509366f8b02129d9aca5b765
skills/os_factory/run/vendoros/factory-vendoros-orchestrator/SKILL.md	1308	fd64f605b762aa093e5b718940a3ca74664193126e1421fbfa433c24365f62a6
skills/os_factory/run/vendoros/factory-vendoros-t01/ROUTES.json	971	dc3a55fe6ec9f756c107620a89265c06d529bfbbac0ca371a7e89704b8da703f
skills/os_factory/run/vendoros/factory-vendoros-t01/SKILL.md	984	20f67433fe21449f1349c4a937d77acd486ee00137a78a3d6476b120ac2d1fa1
skills/os_factory/run/vendoros/factory-vendoros-t02/ROUTES.json	991	424b6e0811547bd2ed796b760c59d514c24b0706af2f7abde50cd8481b76a2c9
skills/os_factory/run/vendoros/factory-vendoros-t02/SKILL.md	984	6eed4aa3ca04215a43792509b04b7378bc65b80ab9cdbd44f89824f0f0c033b4
skills/os_factory/run/vendoros/factory-vendoros-t03/ROUTES.json	1001	471a8b87daddba4ddb9378b1673f9405f13ee6afeca032d72c8b36788ea80c3b
skills/os_factory/run/vendoros/factory-vendoros-t03/SKILL.md	975	cd8e5773244d691d1783daef92b2d3b9d067f259c46194460ce0036bb3e57997
skills/os_factory/run/vendoros/factory-vendoros-t04/ROUTES.json	977	b1bbc990fe496d7983b3d9d95790c906b977282fef0572a36bf4650bd671e9a5
skills/os_factory/run/vendoros/factory-vendoros-t04/SKILL.md	1011	d7a85fdcf56a62bad240eccaabf2177fb442dd7b6dea8d341d4760544fa81576
skills/os_factory/run/vendoros/factory-vendoros-t05/ROUTES.json	1039	9fe4dfc3393ec0e575195495125e8b8269e9dd7309e61807f0b84855b1883de9
skills/os_factory/run/vendoros/factory-vendoros-t05/SKILL.md	1011	a684115d9d8c76ed2d34368b1bf6fe83655e29068f08db421da2fe6c34dd9ef7
skills/os_factory/run/vendoros/factory-vendoros-t06/ROUTES.json	1023	cfa6ae317465809b96a89f9c0c1d534416ec34f9290a97e024252d5e02dea16a
skills/os_factory/run/vendoros/factory-vendoros-t06/SKILL.md	978	55bef3c5d7a32f4b5baa653fac44825cdd9128990584d76931254537c734b7a0
skills/os_factory/run/vendoros/factory-vendoros-t07/ROUTES.json	977	ed9b10de906af31cd6931592b0e5af9d24364bd0fd2a2001be55311ad9bea4ac
skills/os_factory/run/vendoros/factory-vendoros-t07/SKILL.md	993	785e2ea7f5b2fd9bc450a6163030ec8c50f51186aa81dae6e59508b3c5b42a5b
skills/os_factory/run/vendoros/factory-vendoros-t08/ROUTES.json	999	8b84ec6dca287b29b2737f593ff1b56159c2f9337d247d7ba807a77e224e068a
skills/os_factory/run/vendoros/factory-vendoros-t08/SKILL.md	1020	d5407495f242bbb7405083447d4913e8c01a8665709400454077382c2b0048ca
skills/os_factory/sell/bidos/factory-bidos-assurance/ROUTES.json	840	91ccc9e08ac49404c858d38aee0ac62745a88220df0251b73b5e7b3c92e70dda
skills/os_factory/sell/bidos/factory-bidos-assurance/SKILL.md	1062	824b68ded4d8907610540c3c24b486069a26c17b7f533ec8c41dfe46f81c6e33
skills/os_factory/sell/bidos/factory-bidos-integration/ROUTES.json	804	e14894cf65b4c205e11b229d833ed34a1a97e3d829c3a88e14eb9fb787a364dc
skills/os_factory/sell/bidos/factory-bidos-integration/SKILL.md	1061	033157f09028c6dadfff4323adf5a7a7f11574c9a66ecbb008ca03890c9c1867
skills/os_factory/sell/bidos/factory-bidos-orchestrator/ROUTES.json	1745	8b650fa26bdf3d9c719578be0f5979b4e3eae2f6c2db8ab0120358fbfedeaf92
skills/os_factory/sell/bidos/factory-bidos-orchestrator/SKILL.md	1301	1427461b19b7ff82ff6cc46bb7d507e90c8a7ee007cff79a8bd9d390c4913025
skills/os_factory/sell/bidos/factory-bidos-t01/ROUTES.json	692	c787b0b69c26c237aae90a1f5f4f1803efe8d7b9ca36128fd494295bec7487a0
skills/os_factory/sell/bidos/factory-bidos-t01/SKILL.md	990	d5ee3e729ee228dc59534d8b2d56e374c2baeb3346e8978abc6cce0c4082d4c7
skills/os_factory/sell/bidos/factory-bidos-t02/ROUTES.json	835	f9818fc4117fe7f7217200581f0996349a80abed5c6a1e707083cf90eb67d179
skills/os_factory/sell/bidos/factory-bidos-t02/SKILL.md	987	69a98b0b56498426a7a4a4c9649eaf81e0d4cd10662e959542ab4a28e0b03ceb
skills/os_factory/sell/bidos/factory-bidos-t03/ROUTES.json	834	f6eff510609782a2101c0ae637c618ee10f6d10f7675ad40c2808d9d2fc2274a
skills/os_factory/sell/bidos/factory-bidos-t03/SKILL.md	1002	67d1162576e075127e6a797ac9fa7ce9490feaf28521299383219037992f279a
skills/os_factory/sell/bidos/factory-bidos-t04/ROUTES.json	913	cf20c4088e8c344f1e9e9a9b924bc284e218b9aefd6785935e65a842fb2fbf86
skills/os_factory/sell/bidos/factory-bidos-t04/SKILL.md	987	8256869fad62d5ebc9b9fe99059cf3c0b02e51a3565927fe180017ccfc9085fc
skills/os_factory/sell/bidos/factory-bidos-t05/ROUTES.json	861	98e3f1b662127b14bf587769520712bf438c86294eeb1095be78054013593c46
skills/os_factory/sell/bidos/factory-bidos-t05/SKILL.md	1005	c7f1581bd1cf745f590662ce9b4eb715c1fb40be82fe6ad94db94959520a16fc
skills/os_factory/sell/bidos/factory-bidos-t06/ROUTES.json	838	d743a7fc84d3a1ca87610f27ef6c368e9db29cdd2d1727066d065c29bfb7248e
skills/os_factory/sell/bidos/factory-bidos-t06/SKILL.md	993	73d072f53eeb5cedbe77c7c1ab2c9751a171520733423855cb2a8e3751d71366
skills/os_factory/sell/bidos/factory-bidos-t07/ROUTES.json	827	1c62fcea808f46c085f5bca9e9228b2cd447172add226a048c1b42cf4dd82a86
skills/os_factory/sell/bidos/factory-bidos-t07/SKILL.md	993	5770b9b98258deaa1123140aaf1ec5fd3bd468b2914643dfd03a596f3306127b
skills/os_factory/sell/bidos/factory-bidos-t08/ROUTES.json	835	a10776eac35193795da52cec9f243313414ac829d6deb7735ff417fd56db10d0
skills/os_factory/sell/bidos/factory-bidos-t08/SKILL.md	1002	a1ef78615d96f7bacbef551fbef2a26b440b625501a6227e49b2ca35ddd4f253
skills/os_factory/sell/bidos/factory-bidos-t09/ROUTES.json	837	8a8d4d4dffc333a07bb97d265975cb3d797eaaa130f2e1a2338b1793007eb49b
skills/os_factory/sell/bidos/factory-bidos-t09/SKILL.md	984	9bbfd583c21e85230cdc86bac4f5eb73ccf87420c75a09ac951d8eeae4b9d7c9
skills/os_factory/sell/commerceos/factory-commerceos-assurance/ROUTES.json	882	33ac8c6df8a333d8535a96bfc12c702a0ef66f0c1ed54d7f81bdaa557233b1dc
skills/os_factory/sell/commerceos/factory-commerceos-assurance/SKILL.md	1077	ece4724ac1c201aa440bbc6a7c99020517d43cbd466ff4faa20a76e21ddb96b6
skills/os_factory/sell/commerceos/factory-commerceos-integration/ROUTES.json	872	d925e6af8669f21195496702551f6d8d06c42dc0521a761361bbc77848f8efba
skills/os_factory/sell/commerceos/factory-commerceos-integration/SKILL.md	1076	abfb7c766e76fca634495a2e9ffe6bce749ef25d801f56e5190ba97be3af03aa
skills/os_factory/sell/commerceos/factory-commerceos-orchestrator/ROUTES.json	1771	368674fa33cfda7f4b22767be8d29ee24a2ca2afa07e596197b54520da1ab2ac
skills/os_factory/sell/commerceos/factory-commerceos-orchestrator/SKILL.md	1321	be4248b09f1d13d8b1089a89a9cfd3d9a149b55fabd5daa5998859c3a07c778f
skills/os_factory/sell/commerceos/factory-commerceos-t01/ROUTES.json	812	0a1b4b313a33c8643873130cf4adc69f32f86855f1808b3cc13e76e29de6eaa7
skills/os_factory/sell/commerceos/factory-commerceos-t01/SKILL.md	1029	51ce4dfba379b78fd3e0d7a345ae7ca7836abddd4ac9c26400c73a793595c0bb
skills/os_factory/sell/commerceos/factory-commerceos-t02/ROUTES.json	929	3d7e02daca8d0a501acf788600480841d4057bdbdc27de5f8c4455848eb69200
skills/os_factory/sell/commerceos/factory-commerceos-t02/SKILL.md	975	47cefe9136e71bccdf5ae93d25cc45803fc0cb078c7b62ca8eda90454dc49967
skills/os_factory/sell/commerceos/factory-commerceos-t03/ROUTES.json	925	9b2ec4ede3698ef5bc8056ea604fa0d9da0a64a6f8d51354e900741d553449e6
skills/os_factory/sell/commerceos/factory-commerceos-t03/SKILL.md	1023	3c15d9e7ba109d76f0e8baa4c54a4d75f91b5d0a8e7e88b1ee63016be0c2251d
skills/os_factory/sell/commerceos/factory-commerceos-t04/ROUTES.json	938	9f23266bd1e6d7ddb3b469ab98b92806670cc8453314d569012daacb4ffe42f5
skills/os_factory/sell/commerceos/factory-commerceos-t04/SKILL.md	1011	128d48c971c32240fff846ea8a9d3524f55814b30ae821613f19c9f97b04b2b8
skills/os_factory/sell/commerceos/factory-commerceos-t05/ROUTES.json	894	310dac25966e5036ffb593f46062890e0816bfa4ce9c19379370032aa49db223
skills/os_factory/sell/commerceos/factory-commerceos-t05/SKILL.md	1014	282be8c790f380840e53b8ec5f2b43e1ee9d64af1c6b40073ff6c9bfa5d1c85c
skills/os_factory/sell/commerceos/factory-commerceos-t06/ROUTES.json	914	a9324afb32138c548adbd6431c6c0c130d34ead19aceef42532ffdf046fdef2c
skills/os_factory/sell/commerceos/factory-commerceos-t06/SKILL.md	1020	84af0ab055570d5c6d367d7e6c0b103459ccd585fab5dce1230ff3b7877feaf9
skills/os_factory/sell/commerceos/factory-commerceos-t07/ROUTES.json	935	f75379155160c32bdbbc594bd37cf0dc374d639d932f14039f24640f919b13e8
skills/os_factory/sell/commerceos/factory-commerceos-t07/SKILL.md	984	40e9c30c8bf2a30289508511342c1e96061f8f9568ec14055b7e05aa3cb8f9c4
skills/os_factory/sell/commerceos/factory-commerceos-t08/ROUTES.json	901	4f1d4d76c358dd8013670fef58da2ea6574440f2d446277d851821a9ee4db749
skills/os_factory/sell/commerceos/factory-commerceos-t08/SKILL.md	1041	4a66bb8061a641019c419050519044387ff6e596ddcfeb5b89bb9d1f32f09c13
skills/os_factory/sell/customeros/factory-customeros-assurance/ROUTES.json	1159	eda38251c29603e4fc585d1631073b57fde456ac8092e035fed556faf101b809
skills/os_factory/sell/customeros/factory-customeros-assurance/SKILL.md	1077	42322bbeaa9f83a6b2417e39a71f7dbe86ba1313d5abd6a4413ccdb1e9f4a485
skills/os_factory/sell/customeros/factory-customeros-integration/ROUTES.json	752	444e3f5f651058fca5ebc1470108c1e5f942e1dfcb4a45bfb7269a2890b5a6e9
skills/os_factory/sell/customeros/factory-customeros-integration/SKILL.md	1076	91343507ccc0f1710ad36a9f672e7dd828fe1d436d36a8eedd43b2e4ff53aa40
skills/os_factory/sell/customeros/factory-customeros-orchestrator/ROUTES.json	2247	0c7cc9a80409e817a9d8aef21b1b88a0174c60820e87b1539497b2989e5e8cd1
skills/os_factory/sell/customeros/factory-customeros-orchestrator/SKILL.md	1306	1e2392155e51cb94820204fa119c517349a49cf22960929719959d4e6c954514
skills/os_factory/sell/customeros/factory-customeros-t01/ROUTES.json	946	952e30ac1630e889cfe4a2cb32718fd13ac00ed983ce78c16a950926c4b9d7ba
skills/os_factory/sell/customeros/factory-customeros-t01/SKILL.md	996	ae557655c054765ce912abe97ce6eb10cfe2bee98786a7e2408489d7542f6c5d
skills/os_factory/sell/customeros/factory-customeros-t02/ROUTES.json	912	99a58bea70012a783c2723fee99431fca35781c6b552365cd19c3f76ff571a93
skills/os_factory/sell/customeros/factory-customeros-t02/SKILL.md	981	728db6e0bfe25801ac0b338d859a1771ce678edbfcd97f6f79e064df48e80283
skills/os_factory/sell/customeros/factory-customeros-t03/ROUTES.json	789	663438c50be95af1dc5fc36952403009cfc1e9a7477e8131c632841a647f50b1
skills/os_factory/sell/customeros/factory-customeros-t03/SKILL.md	990	2edfd440cafa6ce3f566d325fe14ea4c8887c1413a0e248c13c2396c856d7098
skills/os_factory/sell/customeros/factory-customeros-t04/ROUTES.json	1077	8f9c5bfde47f7c400c23aecde73bb4e7e2b07315a92bd03497dc2c328ad4f401
skills/os_factory/sell/customeros/factory-customeros-t04/SKILL.md	1002	a8ccabd59c44b8ac06f068cf07a2ea07b1154ae21514e7b98a031dbb5bb538c8
skills/os_factory/sell/customeros/factory-customeros-t05/ROUTES.json	1153	8fd8d007c0c42f53ac1a7cbe675986c957bce9ff8e995d876b4567e4f7563575
skills/os_factory/sell/customeros/factory-customeros-t05/SKILL.md	1029	8332eba2273c5897292f3d0d35bd3647da17a0d6684bf068e6e5726eb1163a35
skills/os_factory/sell/customeros/factory-customeros-t06/ROUTES.json	896	949514b0927ab9f11581f6a0cbfc763b72dc3e70a95276cd784ecba467a518fe
skills/os_factory/sell/customeros/factory-customeros-t06/SKILL.md	1002	aa4844a64aca2a6d225ec500e0cced8117b0ccf4f26a5e7efa3a8147d934b37c
skills/os_factory/sell/customeros/factory-customeros-t07/ROUTES.json	908	983f38cd512b890ea5310266bc3600b1229427af5f13d92c5f88f77b34af2ace
skills/os_factory/sell/customeros/factory-customeros-t07/SKILL.md	972	c5a895f82f5409120d608ec9c4fb2dbb1c30d9d3d054f40fefea68101bd384a6
skills/os_factory/sell/customeros/factory-customeros-t08/ROUTES.json	948	6a44d9d9e74cb2c1b9b5db911f1cbb998b4f08007b8e97edc65e1677c3979c19
skills/os_factory/sell/customeros/factory-customeros-t08/SKILL.md	1011	a357ef72519a830fb9be2c9067397b64daecbfdec276f67547fe4d099d63b143
skills/os_factory/sell/dealos/factory-dealos-assurance/ROUTES.json	832	a790cfe7af56fce781536199c74babc7418f1510b5a69d1e478d4d50e8b1ed4b
skills/os_factory/sell/dealos/factory-dealos-assurance/SKILL.md	1065	1f695f194b872313d6257cea8583365b0f65b99505122679ad50598966a78b9f
skills/os_factory/sell/dealos/factory-dealos-integration/ROUTES.json	923	e18128974bf8b757659723260fb57b2795c228ca9a05d1f383cd5712e6b4d233
skills/os_factory/sell/dealos/factory-dealos-integration/SKILL.md	1064	a81f5ee849b0f38dd12cdd96b6bc662295310bebba02a5c9f0a2e0701193ea23
skills/os_factory/sell/dealos/factory-dealos-orchestrator/ROUTES.json	1665	c39d9b53a516efda707da3e6df48a86c0687853c0564d120209ebf46fa222cc7
skills/os_factory/sell/dealos/factory-dealos-orchestrator/SKILL.md	1296	9f35b0f80926409a11b1c7cf94bab2fb535217a66421fe156fd9017a5939485d
skills/os_factory/sell/dealos/factory-dealos-t01/ROUTES.json	870	88721ac60ca28f420e208fdc044991926fe313047956b54bc16343c05384424d
skills/os_factory/sell/dealos/factory-dealos-t01/SKILL.md	1002	aabe1809752c5749f4817af77890a9db2d9d944aac3316168b846809bba4bf6f
skills/os_factory/sell/dealos/factory-dealos-t02/ROUTES.json	852	c314c24129988b58c872e39b4007db5adfe068f261878627365394bd2d5c3b84
skills/os_factory/sell/dealos/factory-dealos-t02/SKILL.md	1008	7b385b26002ab668baabc89be3276ddb9cbfdb964fed0808bedf8c082b14d115
skills/os_factory/sell/dealos/factory-dealos-t03/ROUTES.json	639	1dd9ea017bdd7952a934c5b57602061f1732a92f3ac4196a5718e713c0421654
skills/os_factory/sell/dealos/factory-dealos-t03/SKILL.md	987	8554adc89ca6c4fa9922799ac43f4efc63e42ee938032ef081cdaec7c77b04c8
skills/os_factory/sell/dealos/factory-dealos-t04/ROUTES.json	792	e1ed79d01b0287ea416f6c43d36847f253337d25cdfab6707543f3115ea4382e
skills/os_factory/sell/dealos/factory-dealos-t04/SKILL.md	999	9f03947be2658395ccbf2ea6a5f1523fbc5e2fc8ebde6b9e94c849753814f68c
skills/os_factory/sell/dealos/factory-dealos-t05/ROUTES.json	822	7a878b94bec0187a640f4c85f2761328434e56c91560aa59648017b25286a163
skills/os_factory/sell/dealos/factory-dealos-t05/SKILL.md	996	9fb49511587acf36954ab17543197a26e1c5c176da2c7352368581396b2d9bfe
skills/os_factory/sell/dealos/factory-dealos-t06/ROUTES.json	857	0fa114d7cefce58c7abe5bafd308d6eabfdad23d7eec10c2115149a5a1ce467b
skills/os_factory/sell/dealos/factory-dealos-t06/SKILL.md	1005	93afa7c7debad479bc22c70ad18c3f3f16fdd366e3977fe0476bd28d1ba5d9cf
skills/os_factory/sell/dealos/factory-dealos-t07/ROUTES.json	741	29e559fc2c5478276f5bd7d2109a35b5c0fd5837e8bba5c19e5b8b6e0a50840f
skills/os_factory/sell/dealos/factory-dealos-t07/SKILL.md	987	30c5fbf91f67d8a139e4e434f8e3d3f0244da7ce3907d9a9c4c27cfd52aaae8b
skills/os_factory/sell/dealos/factory-dealos-t08/ROUTES.json	831	55553b95fb1570bedd4fefb6224387305b73ea779267fe8046197de1f35d0b9e
skills/os_factory/sell/dealos/factory-dealos-t08/SKILL.md	1059	d99b73f55254dd61fea155a4f0cce5406f636f462d29487d1c7a6ed642569c93
skills/os_factory/sell/grantos/factory-grantos-assurance/ROUTES.json	918	dea5765700be2b78059a5238d2f1c418c206d612a0c6c2d7a8b8b38f46569442
skills/os_factory/sell/grantos/factory-grantos-assurance/SKILL.md	1068	920bd3af6a196f45855a635fe5b4d2268c2af1e29eb3030eee1b485357f3b51d
skills/os_factory/sell/grantos/factory-grantos-integration/ROUTES.json	871	6544ea64c81b1d6490ebabcd1efb3be707b75d3ff235431fa8e6f39a11d1fa3a
skills/os_factory/sell/grantos/factory-grantos-integration/SKILL.md	1067	96a99389d9f9737cbb9a66c7207806b20220c95dc4561487e817aa14c0fec504
skills/os_factory/sell/grantos/factory-grantos-orchestrator/ROUTES.json	1891	b6f46280a69ddb1a675d9b966aa971658cb2a267fb8c9d1a4d3a2be25dd059f7
skills/os_factory/sell/grantos/factory-grantos-orchestrator/SKILL.md	1279	7960d1c98bacc02ecd661223bda48f9c72b19d1ad9c975118410c4c2d65caf4d
skills/os_factory/sell/grantos/factory-grantos-t01/ROUTES.json	906	22b90bbc3acebe07bd8141ec33efe02058296d3a8bf2b3bfd9a30f36ab4f6c96
skills/os_factory/sell/grantos/factory-grantos-t01/SKILL.md	1005	9c4217f25228cdfaa57f8fe2042b3a83d87284b4dff91212af593f8dffdfb130
skills/os_factory/sell/grantos/factory-grantos-t02/ROUTES.json	927	3131f30dfd1b96da2151495ef01cf2a3ffb2fe664a53319026806b12b067b0a5
skills/os_factory/sell/grantos/factory-grantos-t02/SKILL.md	975	e4ed80bfcaae58b04103bb38c30e8987472fe167aa82dc11980d0e9595d3ef6d
skills/os_factory/sell/grantos/factory-grantos-t03/ROUTES.json	571	8227952c901ac36a12932698e1e157ba230a3751e8d8d42e4056e3137b12534a
skills/os_factory/sell/grantos/factory-grantos-t03/SKILL.md	987	4ed8d8f5169a1475691c84ee2c3ca9af259f77996976ebe88964cad84aeb449f
skills/os_factory/sell/grantos/factory-grantos-t04/ROUTES.json	882	eb7fce2084d8439aff85b4d3a955081601bf4c2d3648575ba620851e4a015230
skills/os_factory/sell/grantos/factory-grantos-t04/SKILL.md	996	abece5a7599c899ad7523018241f886209aa0ae0e8bd3ba78813cd1795df7bde
skills/os_factory/sell/grantos/factory-grantos-t05/ROUTES.json	830	451b69280a80162fcc13b16c597a69f555e359b86734e0c9dce021ccfb99ca00
skills/os_factory/sell/grantos/factory-grantos-t05/SKILL.md	996	54ae6a54ca584abf0d6a89e758314a642ac0e58c2af983e52036d7ca227929a0
skills/os_factory/sell/grantos/factory-grantos-t06/ROUTES.json	961	55edf1df5b3c0ae72050ea19e325b50f3968ce9f16d4a1b021de160ecd0e7c99
skills/os_factory/sell/grantos/factory-grantos-t06/SKILL.md	996	f3d72685ea89052ed79d6e141162dd5318b6bfd0db92b09884170cff33881d93
skills/os_factory/sell/grantos/factory-grantos-t07/ROUTES.json	928	3335a74ccb6c5c4660bbcc5d149aeba3d1e9e31901350631f08d25b7981934d2
skills/os_factory/sell/grantos/factory-grantos-t07/SKILL.md	972	9ad973ea439c22d0baf4ec22c826fe06bb90a83c940983b66406fc6408323724
skills/os_factory/sell/grantos/factory-grantos-t08/ROUTES.json	913	dfd8a647ae402e9219ddba21c6be74b250468d0569fdb901929aea0fe3f2ca05
skills/os_factory/sell/grantos/factory-grantos-t08/SKILL.md	975	a76f5d4c1e1febe59dd474ce2ed04dc557225310b335a150ea22a2f2cf339723
skills/os_factory/sell/grantos/factory-grantos-t09/ROUTES.json	855	d47b1d54e37b23625c266ec3ed92b9797e5368617bd5ef1a5c1dc550e44a32e7
skills/os_factory/sell/grantos/factory-grantos-t09/SKILL.md	1002	6fd70b08d45d7b9ec60ca785eb931fae45f72ef6b8443e133c4745097a19b6db
skills/os_factory/sell/partnershipos/factory-partnershipos-assurance/ROUTES.json	920	34007076c312422f9ada719bb2e6276a3c68ba79cd77e29f85091520687a3a3e
skills/os_factory/sell/partnershipos/factory-partnershipos-assurance/SKILL.md	1086	3080823cfcbb7fce579b71ca54083204faf479f57b45ed1b1364706230e8333f
skills/os_factory/sell/partnershipos/factory-partnershipos-integration/ROUTES.json	865	cf46fbbcbccf679614d446c1ffdbae1bb58724022052f4d39021f3c32fdfdcb9
skills/os_factory/sell/partnershipos/factory-partnershipos-integration/SKILL.md	1085	1bf0adabde8696d21626c71bd00c390eab204f9c381005ed0aa8b91f66b1ad75
skills/os_factory/sell/partnershipos/factory-partnershipos-orchestrator/ROUTES.json	1970	6cba2f6e4633ff2efd048ad095bc8807ab2d37a0e5427c057b149a7271ec0c6c
skills/os_factory/sell/partnershipos/factory-partnershipos-orchestrator/SKILL.md	1319	f3ea76ef3e6d18113c16e85978175485dde228ef43cc2cd8bc62706ff2231271
skills/os_factory/sell/partnershipos/factory-partnershipos-t01/ROUTES.json	849	60e1c1c6f05b23c54ea80598be88a373eee13f8482dd4ab9f11f49b7447e69a0
skills/os_factory/sell/partnershipos/factory-partnershipos-t01/SKILL.md	1002	a97f87e319558346b3881999e763a5df21d27b21ccaeb4629035c6c0ffa42bc1
skills/os_factory/sell/partnershipos/factory-partnershipos-t02/ROUTES.json	857	9ef38d47d3dced9e5b8222f52b1afd054344e0eec1402cd0fd6ad9eb00b28751
skills/os_factory/sell/partnershipos/factory-partnershipos-t02/SKILL.md	1008	250f6b72df517847157ac52e093025931f6077a3af2d0214b18a18cc8831884c
skills/os_factory/sell/partnershipos/factory-partnershipos-t03/ROUTES.json	865	3d7a0bb7836b972e2bde5b35d308fd3a1a995f91cad54c74ecdc6a37b5ec363a
skills/os_factory/sell/partnershipos/factory-partnershipos-t03/SKILL.md	1020	f134f41399b8392f475f8cc9a5089e54950142d4e6aad2d04686d1810c233ad7
skills/os_factory/sell/partnershipos/factory-partnershipos-t04/ROUTES.json	976	c41afdc72973087c75c12f54bb31043c642365377b8d13b49600d482028312ab
skills/os_factory/sell/partnershipos/factory-partnershipos-t04/SKILL.md	984	14c707ef85a3179113196256378372114d8ee1e8c6081c0b36da61a85492365a
skills/os_factory/sell/partnershipos/factory-partnershipos-t05/ROUTES.json	886	62cf6a821b461d693fb502ee054535ee1a925f98f0cca65adb88cafc68f5dab4
skills/os_factory/sell/partnershipos/factory-partnershipos-t05/SKILL.md	990	f5a0dbf40af208b4430f74b5e5e1fd561f69385041a2688554053d2bbd0ef943
skills/os_factory/sell/partnershipos/factory-partnershipos-t06/ROUTES.json	1084	dbda23fd7dce3bbe8e9520b71e953a5643ce97c0327fd7b40d1ccc208c697243
skills/os_factory/sell/partnershipos/factory-partnershipos-t06/SKILL.md	1026	59a83338fbbf089a43d3e543f07aaa4525118cc4bf859143cc31307a49d88ec6
skills/os_factory/sell/partnershipos/factory-partnershipos-t07/ROUTES.json	709	a63a4f0b2654c812c5e676080109b0e19dd3db4a7f84889d3f6a61d7afd3f280
skills/os_factory/sell/partnershipos/factory-partnershipos-t07/SKILL.md	1011	d4913603359409cbad1b5a50972c4304cf274dfb0d625b60f27377f933537cc3
skills/os_factory/sell/partnershipos/factory-partnershipos-t08/ROUTES.json	855	5837b73db8d6bb81a98fb8c12be8f955bf08c64279919f9a4112e95fd4e64d10
skills/os_factory/sell/partnershipos/factory-partnershipos-t08/SKILL.md	1047	69e374cb01da5af9393dccb84bd19ec3837c6edcfcf7b2facf4b823126d2a213
skills/os_factory/sell/pricingos/factory-pricingos-assurance/ROUTES.json	901	a517a27b6acff510c4b97d83ff3f84f0bb4dd58fedc9068ab7ff6f8a75949e79
skills/os_factory/sell/pricingos/factory-pricingos-assurance/SKILL.md	1074	a0e29074f994f2ad2a0d6227d3306831492fe4d960ace2378023b656aa321778
skills/os_factory/sell/pricingos/factory-pricingos-integration/ROUTES.json	897	72f286ad36769d3a73e18f739400f21ca8199dee26bf8d41956953929c7f6435
skills/os_factory/sell/pricingos/factory-pricingos-integration/SKILL.md	1073	29325a7f47450c65640395bae382c6bf143efcc144db44bd67cc96019ee2aec6
skills/os_factory/sell/pricingos/factory-pricingos-orchestrator/ROUTES.json	1964	3fd1693f3b78d43cdb4ac0337dec44644a8ebd6790bfac35b7e78c4d335e31ee
skills/os_factory/sell/pricingos/factory-pricingos-orchestrator/SKILL.md	1320	a08278ead6a27e5f4d1eb96b05a4f86381c4bda71530ec23688a475ede0aa794
skills/os_factory/sell/pricingos/factory-pricingos-t01/ROUTES.json	848	b853529ade40e2aedf152161c73a0c11c2855e18eb38449fbbed938fbdb4baa1
skills/os_factory/sell/pricingos/factory-pricingos-t01/SKILL.md	984	360f2b93d223f4e10e57264a4922b94d541dfb2a36e0c125f3fe6020798a346e
skills/os_factory/sell/pricingos/factory-pricingos-t02/ROUTES.json	932	c28afbf5782af43c9c4b932819838364573c10951f58971a78325c6e39c5ddb7
skills/os_factory/sell/pricingos/factory-pricingos-t02/SKILL.md	984	8102ac78e17292a98b99893822a52ce3f7f053468d1902e9bf5d283ffe6c4775
skills/os_factory/sell/pricingos/factory-pricingos-t03/ROUTES.json	919	9675d8bfa043fba9619a114290ab2b6a1ca53b146ec651b7b0ab25df3a079b90
skills/os_factory/sell/pricingos/factory-pricingos-t03/SKILL.md	1011	cf86746fe07b287a44134c73024df79fd7a89820f691becf9edcba8ec8a1945f
skills/os_factory/sell/pricingos/factory-pricingos-t04/ROUTES.json	894	0808ab8d4de5912c428002c1e677df8cfc6333dc80ee2506e94450ffb6404784
skills/os_factory/sell/pricingos/factory-pricingos-t04/SKILL.md	975	9a4c640c4652a05a9decb0be2f2730d41fd75ed7fd987a888d9ace9331275e82
skills/os_factory/sell/pricingos/factory-pricingos-t05/ROUTES.json	860	9502b6e3df05ea9868a79685e5fad9cce6a85ebb416dffcc345192594ea0ca57
skills/os_factory/sell/pricingos/factory-pricingos-t05/SKILL.md	1008	d7f6df7c21743ab1cc1f26d968031e38f4b6c0114a98ac1b322fbbda237ff854
skills/os_factory/sell/pricingos/factory-pricingos-t06/ROUTES.json	910	9ee326d7dab654ee539da49378aa33ddbf36ee3cb02bb440a2b47f1a93abd777
skills/os_factory/sell/pricingos/factory-pricingos-t06/SKILL.md	987	0d8dbc861c51eabd2a866ffa311fbede4598b6865ced86bcc048fb640d2db472
skills/os_factory/sell/pricingos/factory-pricingos-t07/ROUTES.json	928	6f9a7ae71b03d2bc8091678f3a97635044cfb5203131a4672cf08e0c10da939f
skills/os_factory/sell/pricingos/factory-pricingos-t07/SKILL.md	1005	b94a4790ef07d28b6e2c097629dfedaf748d4dd084acb2b01b026c17f9ea9675
skills/os_factory/sell/pricingos/factory-pricingos-t08/ROUTES.json	936	2df840a2c49f2a5669d02079c40b9ec1104504a71b1f3313da4b372254861371
skills/os_factory/sell/pricingos/factory-pricingos-t08/SKILL.md	1014	4b1713acb6273879aff1e043e8fcf838c0c23652dcf8a9e4184a8f1735551715
skills/os_factory/sell/revenueos/factory-revenueos-assurance/ROUTES.json	969	d3c4d1e749d5e44a5cb631386306c171c7c9be022dd6e61471a07d948bf34049
skills/os_factory/sell/revenueos/factory-revenueos-assurance/SKILL.md	1074	b531bfeebe746d65a26097e9a4f00d7b5efa3fa80079fb19173fbe25b46f40fa
skills/os_factory/sell/revenueos/factory-revenueos-integration/ROUTES.json	897	fd149ec4951bbd17284c574f2f6b98240b7ce708e41e118cfd98d818c638dfca
skills/os_factory/sell/revenueos/factory-revenueos-integration/SKILL.md	1073	5b6fff849fb810f6740d004afa40881d2b22072b464119192722ecc751010eb8
skills/os_factory/sell/revenueos/factory-revenueos-orchestrator/ROUTES.json	1870	73d5909c3cef395a9e3ea1ba2ad21071b6c4e9713114751ee6e09b06c1ad2ff8
skills/os_factory/sell/revenueos/factory-revenueos-orchestrator/SKILL.md	1312	8e5b767c67503be9b6d631b2918c6d73e7182e3b0f46f30fbf493638eb657774
skills/os_factory/sell/revenueos/factory-revenueos-t01/ROUTES.json	847	80d6351f094e6ce28a0f01f6681c1d4ac9ddd3ee849fe0ce9e56525057085499
skills/os_factory/sell/revenueos/factory-revenueos-t01/SKILL.md	984	dab3ac309c2faa21317205410f28d169b99ddc6e8a58bc083752139efb2f42de
skills/os_factory/sell/revenueos/factory-revenueos-t02/ROUTES.json	906	39acbae727de3b907358fce4474f33685b339792b5962062a360a5e9f0914855
skills/os_factory/sell/revenueos/factory-revenueos-t02/SKILL.md	1008	e854393a1b66e897079122bf0fd71f25e97ef459e40ef993e39efb1d886da66d
skills/os_factory/sell/revenueos/factory-revenueos-t03/ROUTES.json	968	25e52ca051209a22806f50988dbda732d51840f0146f8158ce8094e18425dac6
skills/os_factory/sell/revenueos/factory-revenueos-t03/SKILL.md	999	d93eaa29f7bbece7cd236d2b3feb58498c3d77d26993f2b3cdf117ffe41802ba
skills/os_factory/sell/revenueos/factory-revenueos-t04/ROUTES.json	792	a18f2806c60e0a1259fef1d0f2017c553d767b6a2ae7ec17f1fadc178033f0bd
skills/os_factory/sell/revenueos/factory-revenueos-t04/SKILL.md	1023	37d4c4c721ee3d1095abb904d8554a5a911b936f3907653eef3a0647795bd9f7
skills/os_factory/sell/revenueos/factory-revenueos-t05/ROUTES.json	863	f69f19db234bd5293f38b34d04b0a0e8827834b62f3e35cb0f875ec694405e22
skills/os_factory/sell/revenueos/factory-revenueos-t05/SKILL.md	1002	ba490cb69a1199f4582cbb5df216137f8faf4dd166c6632294d5be9bd1757f50
skills/os_factory/sell/revenueos/factory-revenueos-t06/ROUTES.json	942	afa9aada9e36d8522584df9219001db79d20c2a751bc6341fdb62cec186e24e6
skills/os_factory/sell/revenueos/factory-revenueos-t06/SKILL.md	978	11ceb2af60ca74532046f4f4463914a9bb734b06197f1708b616956207f6b2cf
skills/os_factory/sell/revenueos/factory-revenueos-t07/ROUTES.json	915	d92400411d5541c34f6817d050061887514eb70ad477a6894d9d85ea74c76ef7
skills/os_factory/sell/revenueos/factory-revenueos-t07/SKILL.md	996	a71e5fdaf66e7eaa4f4491333aac03e571f88a7b494c0ededac5bdb279e1c9f7
skills/os_factory/sell/revenueos/factory-revenueos-t08/ROUTES.json	907	51b902e2500c3ab4045072689e15cc69ae413be9c7a70d55a40afef16cdc5b9a
skills/os_factory/sell/revenueos/factory-revenueos-t08/SKILL.md	1011	860051dbaad11216250c418433fcc00a567750cf098e7120b197be262ff43420
skills/os_factory/sell/revenueos/factory-revenueos-t09/ROUTES.json	936	fd6ae2b9057da3705314b2d1836be8186ca0bc636394333d1d8a25a0bd9191d0
skills/os_factory/sell/revenueos/factory-revenueos-t09/SKILL.md	1011	7c35083ccf453911888117af7951872c7bf3df6d660761e45378ab59c45d4003
storage/STORAGE_CLASSES.yaml	806	655846190028bd9b615988ff5887b4e4c31c9696562f643f6ba6a08ec8089ed7
substrate/AGENTS.md	18826	1e4a74f41450b093bc487ead04fe3231d76c08125949ad2f1a58860e914234c8
substrate/INSTALL.md	1540	f7d7e8ff10e185523ea905d5e9870a8d1739f8d5f54e316c519cc7f3fb255cee
substrate/PROVENANCE.md	2999	ebefd61fe7652dc838a5a9c5f4fbb416c350968dce9eb8c1a79874351dbeb48c
substrate/README.md	4771	b001ea914f3cab94a6e3cc70597b35ceab495ae0388fa8f26057298a6aa742a0
substrate/THIRD_PARTY_NOTICES.md	1181	c07fe9abc8867bb01bbbcfa65931fd7a443d337a26d726dc7def97ea3e20b100
substrate/docs/ROLE_COVERAGE_SUMMARY.md	3341	0d5fe5a305bd7f9aed6597bee74bdac105569cfe85ffdb3f6495f2a5cd702d23
substrate/docs/SKILL_CATALOG.md	385424	b77a53993842d11a02c79fba2ef64ad79db7d90bc1ffd696c95283487988b7d4
substrate/docs/skill_graph.md	339	d6fad23fcfa5dafe8530951636722209c61267111d79078e7e296b631535b116
substrate/manifests/enterprise-system.yaml	2766	31fefb9c6e5f504f47cd84466ea9484a3180a35693c0e119636d59e6db307e00
substrate/registry/agent_collaboration_graph.yaml	6678	bd7ae7e5d7602f5aac73fafe330ba52cb354fdc2f1f11bd3780e8ec2aaec80df
substrate/registry/agents.json	34016	e9c741b77323f03cb8208f2ceb47bfda8abb1c179f41c77dc83225d5ff626a46
substrate/registry/business_line_use_case_matrix.yaml	87262	e2304a688f9c78f2fa95acfdccfc52142f4f09326cd3cfd1d8db01fce004456a
substrate/registry/capabilities.json	320560	6e83a178de4f4cb1e9daa25b9714a3fc1548f25e8c9a78990ac187aee4243a74
substrate/registry/capability_coverage.json	1489420	42bd4e89e5e7c3536bfd05ddcf98fbc847eb2c2f9367b328da23c15e5b8b3dfb
substrate/registry/capability_status.json	974213	aaa8b017d64269c5590a4ea10563431cc4da6865d3d0ac2fe9897cf996a42b2c
substrate/registry/modes.json	39408	225238754b812c4d55586df15514078bffbfb333a040e9f52cb41594af3d15ef
substrate/registry/roles.json	822003	31d75a5a1e55b90dcca08291902c5da409c5b879ababcbcd038d650c79e7e574
substrate/registry/skill_dependency_graph.yaml	61655	2b8019b5281f393ed44b07f1515e272cea5574e48c4d60bf91ab0cbb767e905b
substrate/registry/skills.json	2659247	f67b10ba6bdee7e135393ab2571bf6f390f2650541bb35a3454f65a7e487967e
substrate/registry/team_routing_graph.yaml	1650	c931f9337f0f7a94831a5792b295e482f21c472cda7ca69f15b33003329f75d1
substrate/source_archives/IBM_Enterprise_Autonomous_Operations_OS_v2.0.0-rc1.zip	97873043	bf1cbdad213c6ec2f9e6d87c3294ef2a1da95694bea5ce4939f6ad5ec84c93fc
teams/archetypes.json	671	e9762317174a9f7cf94f403e4fecabd4cba6b722dd3eb9e929d360b3b791aedb
tests/sample_mcp_snapshot.json	1121	d601ed23fef82ccb0aa58a8aa41ef90a2746d225c505fb1a19a69e419dd7a554
tests/test_factory.py	4608	166ab324cb18a8ba2e4cfed9cff8b6ec206f4ae4db3f551ac05563a51d721527
